Username,company_name,Domain,Stream,Testname,log_timestamp,Hostname,Statuscode,,,Seconds
2018AV04501,AVAYA,AV04-2018,DSE,DSEAVZG521,03/Oct/2020:10:05:05,https://wilp.wheebox.com/LOGIN-2/wilp.jsp,401,,,05
2018AV04502,AVAYA,AV04-2018,DSE,DSEAVZG521,03/Oct/2020:10:05:08,https://wilp.wheebox.com/LOGIN-2/wilp.jsp,402,,,08
2018AV04503,AVAYA,AV04-2018,DSE,DSEAVZG521,03/Oct/2020:10:05:11,https://wilp.wheebox.com/WET-2/homeV2.obj,402,,,11
2018AV04504,AVAYA,AV04-2018,DSE,DSEAVZG521,03/Oct/2020:10:05:14,https://wilp.wheebox.com/WET-2/homeV2.obj,403,,,14
2018AV04505,AVAYA,AV04-2018,DSE,DSEAVZG521,03/Oct/2020:10:05:17,https://wilp.wheebox.com/WET-2/homeV2.obj,404,,,17
2018AV04506,AVAYA,AV04-2018,DSE,DSEAVZG524,10/Oct/2020:14:20:20,https://wilp.wheebox.com/WET-2/homeV2.obj,403,,,20
2018AV04507,AVAYA,AV04-2018,DSE,DSEAVZG524,10/Oct/2020:14:20:23,https://wilp.wheebox.com/WAT-3/login,401,,,23
2018AV04508,AVAYA,AV04-2018,DSE,DSEAVZG524,10/Oct/2020:14:20:26,https://wilp.wheebox.com/WAT-3/login,402,,,26
2018AV04509,AVAYA,AV04-2018,DSE,DSEAVZG524,10/Oct/2020:14:20:29,https://wilp.wheebox.com/WAT-3/login,402,,,29
2018AV04510,AVAYA,AV04-2018,DSE,DSEAVZG524,10/Oct/2020:14:20:32,https://wheebox.com/static/tempFiles/upload_doc_10/Oct/2020:14:20:32,408,,,32
2018AV04511,AVAYA,AV04-2018,DSE,DSEAVZG524,10/Oct/2020:14:20:35,https://wheebox.com/static/tempFiles/upload_doc_10/Oct/2020:14:20:35,407,,,35
2018AV04512,AVAYA,AV04-2018,DSE,DSEAVZG524,10/Oct/2020:14:20:38,https://wheebox.com/static/tempFiles/upload_doc_10/Oct/2020:14:20:38,407,,,38
2018AV04513,AVAYA,AV04-2018,DSE,DSEAVZG524,10/Oct/2020:14:20:41,https://wheebox.com/static/tempFiles/upload_doc_10/Oct/2020:14:20:41,408,,,41
2018AV04514,AVAYA,AV04-2018,DSE,DSEAVZG524,10/Oct/2020:14:20:44,https://wilp.wheebox.com/LOGIN-2/wilp.jsp,401,,,44
2018AV04515,AVAYA,AV04-2018,DSE,DSEAVZG524,10/Oct/2020:14:20:47,https://wilp.wheebox.com/LOGIN-2/wilp.jsp,401,,,47
2018AV04516,AVAYA,AV04-2018,DSE,DSEAVZG524,10/Oct/2020:14:20:50,https://wilp.wheebox.com/LOGIN-2/wilp.jsp,401,,,50
2018AV04517,AVAYA,AV04-2018,DSE,DSEAVZG522,03/Oct/2020:10:05:53,https://wilp.wheebox.com/WET-2/homeV2.obj,403,,,53
2018AV04518,AVAYA,AV04-2018,DSE,DSEAVZG522,03/Oct/2020:10:05:56,https://wilp.wheebox.com/WET-2/homeV2.obj,403,,,56
2018AV04519,AVAYA,AV04-2018,DSE,DSEAVZG522,03/Oct/2020:10:05:59,https://wilp.wheebox.com/WET-2/homeV2.obj,404,,,59
2018AV04520,AVAYA,AV04-2018,DSE,DSEAVZG522,03/Oct/2020:10:05:03,https://wilp.wheebox.com/WET-2/homeV2.obj,405,,,03
2018AV04521,AVAYA,AV04-2018,DSE,DSEAVZG522,03/Oct/2020:10:05:06,https://wilp.wheebox.com/WET-2/homeV2.obj,405,,,06
2018AV04522,AVAYA,AV04-2018,DSE,DSEAVZG522,03/Oct/2020:10:05:09,https://wilp.wheebox.com/WET-2/homeV2.obj,405,,,09
2018AV04523,AVAYA,AV04-2018,DSE,DSEAVZG522,03/Oct/2020:10:05:12,https://wilp.wheebox.com/LOGIN-2/wilp.jsp,401,,,12
2018AV04524,AVAYA,AV04-2018,DSE,DSEAVZG522,03/Oct/2020:10:05:15,https://wilp.wheebox.com/LOGIN-2/wilp.jsp,402,,,15
2018AV04525,AVAYA,AV04-2018,DSE,DSEAVZG522,03/Oct/2020:10:05:18,https://wilp.wheebox.com/LOGIN-2/wilp.jsp,401,,,18
2018AV04526,AVAYA,AV04-2018,DSE,DSEAVZG522,03/Oct/2020:10:05:21,https://wilp.wheebox.com/LOGIN-2/wilp.jsp,402,,,21
2018AV04527,AVAYA,AV04-2018,DSE,DSEAVZG522,03/Oct/2020:10:05:24,https://wilp.wheebox.com/LOGIN-2/wilp.jsp,402,,,24
2018AV04528,AVAYA,AV04-2018,DSE,DSEAVZG522,03/Oct/2020:10:05:27,https://wilp.wheebox.com/LOGIN-2/wilp.jsp,402,,,27
2018AV04529,AVAYA,AV04-2018,DSE,DSEAVZG523,10/Oct/2020:14:20:30,https://wilp.wheebox.com/LOGIN-2/wilp.jsp,401,,,30
2018AV04530,AVAYA,AV04-2018,DSE,DSEAVZG523,10/Oct/2020:14:20:33,https://wilp.wheebox.com/LOGIN-2/wilp.jsp,402,,,33
2018AV04531,AVAYA,AV04-2018,DSE,DSEAVZG523,10/Oct/2020:14:20:36,https://wilp.wheebox.com/LOGIN-2/wilp.jsp,401,,,36
2018AV04532,AVAYA,AV04-2018,DSE,DSEAVZG523,10/Oct/2020:14:20:39,https://wilp.wheebox.com/WAT-3/login,401,,,39
2018AV04533,AVAYA,AV04-2018,DSE,DSEAVZG523,10/Oct/2020:14:20:42,https://wilp.wheebox.com/WAT-3/login,401,,,42
2018AV04534,AVAYA,AV04-2018,DSE,DSEAVZG523,10/Oct/2020:14:20:45,https://wilp.wheebox.com/WAT-3/login,401,,,45
2018AV04535,AVAYA,AV04-2018,DSE,DSEAVZG523,10/Oct/2020:14:20:48,https://wilp.wheebox.com/WAT-3/login,401,,,48
2018WP04501,WIPRO,WP04-2018,DSE,DSEWPZG521,03/Oct/2020:10:05:51,https://wilp.wheebox.com/LOGIN-2/wilp.jsp,401,,,51
2018WP04502,WIPRO,WP04-2018,DSE,DSEWPZG521,03/Oct/2020:10:05:54,https://wilp.wheebox.com/LOGIN-2/wilp.jsp,402,,,54
2018WP04503,WIPRO,WP04-2018,DSE,DSEWPZG521,03/Oct/2020:10:05:57,https://wilp.wheebox.com/LOGIN-2/wilp.jsp,402,,,57
2018WP04504,WIPRO,WP04-2018,DSE,DSEWPZG521,03/Oct/2020:10:05:01,https://wilp.wheebox.com/LOGIN-2/wilp.jsp,402,,,01
2018WP04505,WIPRO,WP04-2018,DSE,DSEWPZG521,03/Oct/2020:10:05:04,https://wilp.wheebox.com/LOGIN-2/wilp.jsp,402,,,04
2018WP04506,WIPRO,WP04-2018,DSE,DSEWPZG521,03/Oct/2020:10:05:07,https://wilp.wheebox.com/LOGIN-2/wilp.jsp,401,,,07
2018WP04507,WIPRO,WP04-2018,DSE,DSEWPZG521,03/Oct/2020:10:05:10,https://wilp.wheebox.com/WET-2/homeV2.obj,405,,,10
2018WP04508,WIPRO,WP04-2018,DSE,DSEWPZG521,03/Oct/2020:10:05:13,https://wilp.wheebox.com/WET-2/homeV2.obj,409,,,13
2018WP04509,WIPRO,WP04-2018,DSE,DSEWPZG521,03/Oct/2020:10:05:16,https://wilp.wheebox.com/WET-2/homeV2.obj,405,,,16
2018WP04510,WIPRO,WP04-2018,DSE,DSEWPZG521,03/Oct/2020:10:05:19,https://wilp.wheebox.com/WET-2/homeV2.obj,406,,,19
2018WP04511,WIPRO,WP04-2018,DSE,DSEWPZG521,03/Oct/2020:10:05:22,https://wilp.wheebox.com/WET-2/homeV2.obj,406,,,22
2018WP04512,WIPRO,WP04-2018,DSE,DSEWPZG521,03/Oct/2020:10:05:25,https://wilp.wheebox.com/WET-2/homeV2.obj,405,,,25
2018WP04513,WIPRO,WP04-2018,DSE,DSEWPZG521,03/Oct/2020:10:05:28,https://wilp.wheebox.com/WET-2/homeV2.obj,406,,,28
2018WP04514,WIPRO,WP04-2018,DSE,DSEWPZG521,03/Oct/2020:10:05:31,https://wilp.wheebox.com/WET-2/homeV2.obj,406,,,31
2018WP04515,WIPRO,WP04-2018,DSE,DSEWPZG521,03/Oct/2020:10:05:34,https://wilp.wheebox.com/WET-2/homeV2.obj,404,,,34
2018WP04516,WIPRO,WP04-2018,DSE,DSEWPZG521,03/Oct/2020:10:05:37,https://wilp.wheebox.com/WET-2/homeV2.obj,406,,,37
2018WP04517,WIPRO,WP04-2018,DSE,DSEWPZG521,03/Oct/2020:10:05:40,https://wilp.wheebox.com/WET-2/homeV2.obj,405,,,40
2018WP04518,WIPRO,WP04-2018,DSE,DSEWPZG521,03/Oct/2020:10:05:43,https://wilp.wheebox.com/WET-2/homeV2.obj,405,,,43
2018WP04519,WIPRO,WP04-2018,DSE,DSEWPZG521,03/Oct/2020:10:05:46,https://wilp.wheebox.com/WET-2/homeV2.obj,405,,,46
2018WP04520,WIPRO,WP04-2018,DSE,DSEWPZG523,10/Oct/2020:14:20:49,https://wilp.wheebox.com/WET-2/homeV2.obj,409,,,49
2018WP04521,WIPRO,WP04-2018,DSE,DSEWPZG523,10/Oct/2020:14:20:52,https://wilp.wheebox.com/LOGIN-2/wilp.jsp,401,,,52
2018WP04522,WIPRO,WP04-2018,DSE,DSEWPZG523,10/Oct/2020:14:20:55,https://wilp.wheebox.com/LOGIN-2/wilp.jsp,402,,,55
2018WP04523,WIPRO,WP04-2018,DSE,DSEWPZG523,10/Oct/2020:14:20:58,https://wilp.wheebox.com/LOGIN-2/wilp.jsp,402,,,58
2018WP04524,WIPRO,WP04-2018,DSE,DSEWPZG523,10/Oct/2020:14:20:02,https://wilp.wheebox.com/LOGIN-2/wilp.jsp,402,,,02
2018WP04525,WIPRO,WP04-2018,DSE,DSEWPZG523,10/Oct/2020:14:20:05,https://wilp.wheebox.com/LOGIN-2/wilp.jsp,402,,,05
2018WP04526,WIPRO,WP04-2018,DSE,DSEWPZG523,10/Oct/2020:14:20:08,https://wilp.wheebox.com/LOGIN-2/wilp.jsp,401,,,08
2018WP04527,WIPRO,WP04-2018,DSE,DSEWPZG523,10/Oct/2020:14:20:11,https://wilp.wheebox.com/LOGIN-2/wilp.jsp,401,,,11
2018WP04528,WIPRO,WP04-2018,DSE,DSEWPZG523,10/Oct/2020:14:20:14,https://wilp.wheebox.com/LOGIN-2/wilp.jsp,401,,,14
2018WP04529,WIPRO,WP04-2018,DSE,DSEWPZG523,10/Oct/2020:14:20:17,https://wilp.wheebox.com/LOGIN-2/wilp.jsp,401,,,17
2018WP04530,WIPRO,WP04-2018,DSE,DSEWPZG522,03/Oct/2020:10:05:20,https://wilp.wheebox.com/WAT-3/login,402,,,20
2018WP04531,WIPRO,WP04-2018,DSE,DSEWPZG522,03/Oct/2020:10:05:23,https://wilp.wheebox.com/WAT-3/login,402,,,23
2018WP04532,WIPRO,WP04-2018,DSE,DSEWPZG522,03/Oct/2020:10:05:26,https://wilp.wheebox.com/WAT-3/login,402,,,26
2018WP04533,WIPRO,WP04-2018,DSE,DSEWPZG522,03/Oct/2020:10:05:29,https://wilp.wheebox.com/WAT-3/login,402,,,29
2018WP04534,WIPRO,WP04-2018,DSE,DSEWPZG522,03/Oct/2020:10:05:32,https://wilp.wheebox.com/WAT-3/login,402,,,32
2018WP04535,WIPRO,WP04-2018,DSE,DSEWPZG522,03/Oct/2020:10:05:35,https://wilp.wheebox.com/WAT-3/login,402,,,35
2018WP04536,WIPRO,WP04-2018,DSE,DSEWPZG522,03/Oct/2020:10:05:38,https://wilp.wheebox.com/WAT-3/login,402,,,38
2018WP04537,WIPRO,WP04-2018,DSE,DSEWPZG522,03/Oct/2020:10:05:41,https://wilp.wheebox.com/WAT-3/login,402,,,41
2018WP04538,WIPRO,WP04-2018,DSE,DSEWPZG522,03/Oct/2020:10:05:44,https://wilp.wheebox.com/WAT-3/login,402,,,44
2018WP04539,WIPRO,WP04-2018,DSE,DSEWPZG522,03/Oct/2020:10:05:47,https://wilp.wheebox.com/WAT-3/login,402,,,47
2018WP04540,WIPRO,WP04-2018,DSE,DSEWPZG522,03/Oct/2020:10:05:50,https://wilp.wheebox.com/WAT-3/login,402,,,50
2018WP04541,WIPRO,WP04-2018,DSE,DSEWPZG522,03/Oct/2020:10:05:53,https://wilp.wheebox.com/LOGIN-2/wilp.jsp,402,,,53
2018WP04542,WIPRO,WP04-2018,DSE,DSEWPZG521,03/Oct/2020:10:05:56,https://wilp.wheebox.com/LOGIN-2/wilp.jsp,402,,,56
2018WP04543,WIPRO,WP04-2018,DSE,DSEWPZG521,03/Oct/2020:10:05:59,https://wilp.wheebox.com/LOGIN-2/wilp.jsp,402,,,59
2018WP04544,WIPRO,WP04-2018,DSE,DSEWPZG524,10/Oct/2020:14:20:04,https://wilp.wheebox.com/LOGIN-2/wilp.jsp,401,,,04
2018WP04545,WIPRO,WP04-2018,DSE,DSEWPZG524,10/Oct/2020:14:20:07,https://wilp.wheebox.com/LOGIN-2/wilp.jsp,401,,,07
2018WP04546,WIPRO,WP04-2018,DSE,DSEWPZG524,10/Oct/2020:14:20:10,https://wilp.wheebox.com/LOGIN-2/wilp.jsp,401,,,10
2018WP04547,WIPRO,WP04-2018,DSE,DSEWPZG524,10/Oct/2020:14:20:13,https://wilp.wheebox.com/LOGIN-2/wilp.jsp,401,,,13
2018WP04548,WIPRO,WP04-2018,DSE,DSEWPZG524,10/Oct/2020:14:20:16,https://wilp.wheebox.com/LOGIN-2/wilp.jsp,402,,,16
2018WP04549,WIPRO,WP04-2018,DSE,DSEWPZG524,10/Oct/2020:14:20:19,https://wilp.wheebox.com/LOGIN-2/wilp.jsp,401,,,19
2018WP04550,WIPRO,WP04-2018,DSE,DSEWPZG524,10/Oct/2020:14:20:22,https://wilp.wheebox.com/LOGIN-2/wilp.jsp,401,,,22
2018WP04551,WIPRO,WP04-2018,DSE,DSEWPZG524,10/Oct/2020:14:20:25,https://wilp.wheebox.com/LOGIN-2/wilp.jsp,401,,,25
2018WP04552,WIPRO,WP04-2018,DSE,DSEWPZG524,10/Oct/2020:14:20:28,https://wilp.wheebox.com/LOGIN-2/wilp.jsp,401,,,28
2018WP04553,WIPRO,WP04-2018,DSE,DSEWPZG524,10/Oct/2020:14:20:31,https://wilp.wheebox.com/LOGIN-2/wilp.jsp,402,,,31
2018WP04554,WIPRO,WP04-2018,DSE,DSEWPZG524,10/Oct/2020:14:20:34,https://wheebox.com/static/tempFiles/upload_doc_10/Oct/2020:14:20:34,407,,,34
2018WP04555,WIPRO,WP04-2018,DSE,DSEWPZG524,10/Oct/2020:14:20:37,https://wheebox.com/static/tempFiles/upload_doc_10/Oct/2020:14:20:37,408,,,37
2018WP04556,WIPRO,WP04-2018,DSE,DSEWPZG524,10/Oct/2020:14:20:40,https://wheebox.com/static/tempFiles/upload_doc_10/Oct/2020:14:20:40,408,,,40
2018WP04557,WIPRO,WP04-2018,DSE,DSEWPZG524,10/Oct/2020:14:20:43,https://wheebox.com/static/tempFiles/upload_doc_10/Oct/2020:14:20:43,407,,,43
2018WP04558,WIPRO,WP04-2018,DSE,DSEWPZG524,10/Oct/2020:14:20:46,https://wheebox.com/static/tempFiles/upload_doc_10/Oct/2020:14:20:46,407,,,46
2018WP04559,WIPRO,WP04-2018,DSE,DSEWPZG524,10/Oct/2020:14:20:49,https://wheebox.com/static/tempFiles/upload_doc_10/Oct/2020:14:20:49,407,,,49
2018WP04560,WIPRO,WP04-2018,DSE,DSEWPZG524,10/Oct/2020:14:20:52,https://wheebox.com/static/tempFiles/upload_doc_10/Oct/2020:14:20:52,407,,,52
2018WP04561,WIPRO,WP04-2018,DSE,DSEWPZG524,10/Oct/2020:14:20:55,https://wheebox.com/static/tempFiles/upload_doc_10/Oct/2020:14:20:55,408,,,55
2018WP04562,WIPRO,WP04-2018,DSE,DSEWPZG524,10/Oct/2020:14:20:58,https://wheebox.com/static/tempFiles/upload_doc_10/Oct/2020:14:20:58,408,,,58
2018WP04563,WIPRO,WP04-2018,DSE,DSEWPZG524,10/Oct/2020:14:20:00,https://wheebox.com/static/tempFiles/upload_doc_10/Oct/2020:14:20:00,408,,,00
2018WP04564,WIPRO,WP04-2018,DSE,DSEWPZG524,10/Oct/2020:14:20:04,https://wheebox.com/static/tempFiles/upload_doc_10/Oct/2020:14:20:04,407,,,04
2018WP04565,WIPRO,WP04-2018,DSE,DSEWPZG524,10/Oct/2020:14:20:08,https://wheebox.com/static/tempFiles/upload_doc_10/Oct/2020:14:20:08,407,,,08
2018WP04566,WIPRO,WP04-2018,DSE,DSEWPZG524,10/Oct/2020:14:20:12,https://wheebox.com/static/tempFiles/upload_doc_10/Oct/2020:14:20:12,407,,,12
2018WP04567,WIPRO,WP04-2018,DSE,DSEWPZG524,10/Oct/2020:14:20:16,https://wheebox.com/static/tempFiles/upload_doc_10/Oct/2020:14:20:16,407,,,16
2018WP04568,WIPRO,WP04-2018,DSE,DSEWPZG524,10/Oct/2020:14:20:20,https://wheebox.com/static/tempFiles/upload_doc_10/Oct/2020:14:20:20,407,,,20
2018WP04569,WIPRO,WP04-2018,DSE,DSEWPZG524,10/Oct/2020:14:20:24,https://wheebox.com/static/tempFiles/upload_doc_10/Oct/2020:14:20:24,407,,,24
2018WP04570,WIPRO,WP04-2018,DSE,DSEWPZG524,10/Oct/2020:14:20:28,https://wheebox.com/static/tempFiles/upload_doc_10/Oct/2020:14:20:28,408,,,28
2018WP04571,WIPRO,WP04-2018,DSE,DSEWPZG524,10/Oct/2020:14:20:32,https://wheebox.com/static/tempFiles/upload_doc_10/Oct/2020:14:20:32,407,,,32
2018WP04572,WIPRO,WP04-2018,DSE,DSEWPZG524,10/Oct/2020:14:20:36,https://wilp.wheebox.com/LOGIN-2/wilp.jsp,402,,,36
2018WP04573,WIPRO,WP04-2018,DSE,DSEWPZG524,10/Oct/2020:14:20:40,https://wilp.wheebox.com/LOGIN-2/wilp.jsp,402,,,40
2018WP04574,WIPRO,WP04-2018,DSE,DSEWPZG524,10/Oct/2020:14:20:44,https://wilp.wheebox.com/LOGIN-2/wilp.jsp,401,,,44
2018WP04575,WIPRO,WP04-2018,DSE,DSEWPZG524,10/Oct/2020:14:20:48,https://wilp.wheebox.com/LOGIN-2/wilp.jsp,401,,,48
2018WP04576,WIPRO,WP04-2018,DSE,DSEWPZG524,10/Oct/2020:14:20:52,https://wilp.wheebox.com/LOGIN-2/wilp.jsp,401,,,52
2018WP04577,WIPRO,WP04-2018,DSE,DSEWPZG524,10/Oct/2020:14:20:56,https://wilp.wheebox.com/LOGIN-2/wilp.jsp,401,,,56
2018WP04578,WIPRO,WP04-2018,DSE,DSEWPZG524,10/Oct/2020:14:20:01,https://wilp.wheebox.com/LOGIN-2/wilp.jsp,401,,,01
2018WP04579,WIPRO,WP04-2018,DSE,DSEWPZG524,10/Oct/2020:14:20:04,https://wilp.wheebox.com/LOGIN-2/wilp.jsp,401,,,04
2018WP04580,WIPRO,WP04-2018,DSE,DSEWPZG524,10/Oct/2020:14:20:07,https://wilp.wheebox.com/LOGIN-2/wilp.jsp,401,,,07
2018WP04581,WIPRO,WP04-2018,DSE,DSEWPZG524,10/Oct/2020:14:20:10,https://wheebox.com/static/tempFiles/upload_doc_10/Oct/2020:14:20:10,407,,,10
2018WP04582,WIPRO,WP04-2018,DSE,DSEWPZG524,10/Oct/2020:14:20:13,https://wheebox.com/static/tempFiles/upload_doc_10/Oct/2020:14:20:13,407,,,13
2018WP04583,WIPRO,WP04-2018,DSE,DSEWPZG524,10/Oct/2020:14:20:16,https://wheebox.com/static/tempFiles/upload_doc_10/Oct/2020:14:20:16,407,,,16
2018WP04584,WIPRO,WP04-2018,DSE,DSEWPZG524,10/Oct/2020:14:20:19,https://wheebox.com/static/tempFiles/upload_doc_10/Oct/2020:14:20:19,407,,,19
2018WP04585,WIPRO,WP04-2018,DSE,DSEWPZG524,10/Oct/2020:14:20:22,https://wheebox.com/static/tempFiles/upload_doc_10/Oct/2020:14:20:22,408,,,22
2018WP04586,WIPRO,WP04-2018,DSE,DSEWPZG524,10/Oct/2020:14:20:25,https://wheebox.com/static/tempFiles/upload_doc_10/Oct/2020:14:20:25,408,,,25
2018WP04587,WIPRO,WP04-2018,DSE,DSEWPZG524,10/Oct/2020:14:20:28,https://wheebox.com/static/tempFiles/upload_doc_10/Oct/2020:14:20:28,407,,,28
2018WP04588,WIPRO,WP04-2018,DSE,DSEWPZG524,10/Oct/2020:14:20:31,https://wheebox.com/static/tempFiles/upload_doc_10/Oct/2020:14:20:31,407,,,31
2018WP04589,WIPRO,WP04-2018,DSE,DSEWPZG524,10/Oct/2020:14:20:34,https://wheebox.com/static/tempFiles/upload_doc_10/Oct/2020:14:20:34,408,,,34
2018WP04590,WIPRO,WP04-2018,DSE,DSEWPZG523,10/Oct/2020:14:20:37,https://wheebox.com/static/tempFiles/upload_doc_10/Oct/2020:14:20:37,408,,,37
2018WP04591,WIPRO,WP04-2018,DSE,DSEWPZG523,10/Oct/2020:14:20:40,https://wheebox.com/static/tempFiles/upload_doc_10/Oct/2020:14:20:40,408,,,40
2018WP04592,WIPRO,WP04-2018,DSE,DSEWPZG523,10/Oct/2020:14:20:43,https://wilp.wheebox.com/LOGIN-2/wilp.jsp,402,,,43
2018WP04593,WIPRO,WP04-2018,DSE,DSEWPZG523,10/Oct/2020:14:20:46,https://wilp.wheebox.com/LOGIN-2/wilp.jsp,402,,,46
2018WP04594,WIPRO,WP04-2018,DSE,DSEWPZG523,10/Oct/2020:14:20:49,https://wilp.wheebox.com/LOGIN-2/wilp.jsp,402,,,49
2018WP04595,WIPRO,WP04-2018,DSE,DSEWPZG523,10/Oct/2020:14:20:52,https://wilp.wheebox.com/LOGIN-2/wilp.jsp,402,,,52
2018WP04596,WIPRO,WP04-2018,DSE,DSEWPZG523,10/Oct/2020:14:20:55,https://wilp.wheebox.com/LOGIN-2/wilp.jsp,402,,,55
2018WP04597,WIPRO,WP04-2018,DSE,DSEWPZG523,10/Oct/2020:14:20:58,https://wilp.wheebox.com/LOGIN-2/wilp.jsp,401,,,58
2018WP04598,WIPRO,WP04-2018,DSE,DSEWPZG523,10/Oct/2020:14:20:02,https://wilp.wheebox.com/LOGIN-2/wilp.jsp,402,,,02
2018WP04599,WIPRO,WP04-2018,DSE,DSEWPZG523,10/Oct/2020:14:20:05,https://wilp.wheebox.com/LOGIN-2/wilp.jsp,401,,,05
2018WP04600,WIPRO,WP04-2018,DSE,DSEWPZG523,10/Oct/2020:14:20:08,https://wilp.wheebox.com/LOGIN-2/wilp.jsp,402,,,08
2018WP04601,WIPRO,WP04-2018,DSE,DSEWPZG523,10/Oct/2020:14:20:11,https://wilp.wheebox.com/LOGIN-2/wilp.jsp,401,,,11
2018WP04602,WIPRO,WP04-2018,DSE,DSEWPZG523,10/Oct/2020:14:20:14,https://wilp.wheebox.com/LOGIN-2/wilp.jsp,402,,,14
2018WP04603,WIPRO,WP04-2018,DSE,DSEWPZG523,10/Oct/2020:14:20:17,https://wilp.wheebox.com/LOGIN-2/wilp.jsp,401,,,17
2018WP04604,WIPRO,WP04-2018,DSE,DSEWPZG523,10/Oct/2020:14:20:20,https://wilp.wheebox.com/LOGIN-2/wilp.jsp,402,,,20
2018GE09601,GE,GE09-2018,CSE,CSEGEZG501,03/Jun/2020:10:05:23,https://wilp.wheebox.com/WET-2/homeV2.obj,406,,,23
2018GE09602,GE,GE09-2018,CSE,CSEGEZG501,03/Jun/2020:10:05:26,https://wilp.wheebox.com/WET-2/homeV2.obj,409,,,26
2018GE09603,GE,GE09-2018,CSE,CSEGEZG501,03/Jun/2020:10:05:29,https://wilp.wheebox.com/WET-2/homeV2.obj,409,,,29
2018GE09604,GE,GE09-2018,CSE,CSEGEZG501,03/Jun/2020:10:05:32,https://wilp.wheebox.com/WET-2/homeV2.obj,409,,,32
2018GE09605,GE,GE09-2018,CSE,CSEGEZG501,03/Jun/2020:10:05:35,https://wilp.wheebox.com/WET-2/homeV2.obj,409,,,35
2018GE09606,GE,GE09-2018,CSE,CSEGEZG501,03/Jun/2020:10:05:38,https://wilp.wheebox.com/WET-2/homeV2.obj,403,,,38
2018GE09607,GE,GE09-2018,CSE,CSEGEZG501,03/Jun/2020:10:05:41,https://wilp.wheebox.com/WET-2/homeV2.obj,403,,,41
2018GE09608,GE,GE09-2018,CSE,CSEGEZG501,03/Jun/2020:10:05:44,https://wilp.wheebox.com/WET-2/homeV2.obj,404,,,44
2018GE09609,GE,GE09-2018,CSE,CSEGEZG501,03/Jun/2020:10:05:47,https://wilp.wheebox.com/WET-2/homeV2.obj,406,,,47
2018GE09610,GE,GE09-2018,CSE,CSEGEZG501,03/Jun/2020:10:05:50,https://wilp.wheebox.com/WET-2/homeV2.obj,403,,,50
2018GE09611,GE,GE09-2018,CSE,CSEGEZG501,03/Jun/2020:10:05:53,https://wilp.wheebox.com/LOGIN-2/wilp.jsp,402,,,53
2018GE09612,GE,GE09-2018,CSE,CSEGEZG503,10/Jun/2020:14:20:56,https://wilp.wheebox.com/LOGIN-2/wilp.jsp,402,,,56
2018GE09613,GE,GE09-2018,CSE,CSEGEZG504,10/Jun/2020:14:20:59,https://wilp.wheebox.com/LOGIN-2/wilp.jsp,402,,,59
2018GE09614,GE,GE09-2018,CSE,CSEGEZG504,10/Jun/2020:14:20:03,https://wilp.wheebox.com/LOGIN-2/wilp.jsp,402,,,03
2018GE09615,GE,GE09-2018,CSE,CSEGEZG504,10/Jun/2020:14:20:06,https://wheebox.com/static/tempFiles/upload_doc_10/Jun/2020:14:20:06,407,,,06
2018GE09616,GE,GE09-2018,CSE,CSEGEZG504,10/Jun/2020:14:20:09,https://wheebox.com/static/tempFiles/upload_doc_10/Jun/2020:14:20:09,407,,,09
2018GE09617,GE,GE09-2018,CSE,CSEGEZG504,10/Jun/2020:14:20:12,https://wheebox.com/static/tempFiles/upload_doc_10/Jun/2020:14:20:12,408,,,12
2018GE09618,GE,GE09-2018,CSE,CSEGEZG503,10/Jun/2020:14:20:15,https://wheebox.com/static/tempFiles/upload_doc_10/Jun/2020:14:20:15,408,,,15
2018GE09619,GE,GE09-2018,CSE,CSEGEZG503,10/Jun/2020:14:20:18,https://wheebox.com/static/tempFiles/upload_doc_10/Jun/2020:14:20:18,408,,,18
2018GE09620,GE,GE09-2018,CSE,CSEGEZG503,10/Jun/2020:14:20:21,https://wheebox.com/static/tempFiles/upload_doc_10/Jun/2020:14:20:21,407,,,21
2018GE09621,GE,GE09-2018,CSE,CSEGEZG503,10/Jun/2020:14:20:24,https://wheebox.com/static/tempFiles/upload_doc_10/Jun/2020:14:20:24,407,,,24
2018GE09622,GE,GE09-2018,CSE,CSEGEZG502,03/Jun/2020:10:05:27,https://wheebox.com/static/tempFiles/upload_doc_03/Jun/2020:10:05:27,407,,,27
2018GE09623,GE,GE09-2018,CSE,CSEGEZG502,03/Jun/2020:10:05:30,https://wilp.wheebox.com/LOGIN-2/wilp.jsp,401,,,30
2018GE09624,GE,GE09-2018,CSE,CSEGEZG502,03/Jun/2020:10:05:33,https://wilp.wheebox.com/LOGIN-2/wilp.jsp,401,,,33
2018GE09625,GE,GE09-2018,CSE,CSEGEZG502,03/Jun/2020:10:05:36,https://wilp.wheebox.com/LOGIN-2/wilp.jsp,401,,,36
2018GE09626,GE,GE09-2018,CSE,CSEGEZG502,03/Jun/2020:10:05:39,https://wilp.wheebox.com/LOGIN-2/wilp.jsp,401,,,39
2018GE09627,GE,GE09-2018,CSE,CSEGEZG502,03/Jun/2020:10:05:42,https://wilp.wheebox.com/LOGIN-2/wilp.jsp,401,,,42
2018GE09628,GE,GE09-2018,CSE,CSEGEZG502,03/Jun/2020:10:05:45,https://wilp.wheebox.com/LOGIN-2/wilp.jsp,401,,,45
2018GE09629,GE,GE09-2018,CSE,CSEGEZG502,03/Jun/2020:10:05:48,https://wilp.wheebox.com/WET-2/homeV2.obj,403,,,48
2018GE09630,GE,GE09-2018,CSE,CSEGEZG502,03/Jun/2020:10:05:51,https://wilp.wheebox.com/WET-2/homeV2.obj,406,,,51
2018GE09631,GE,GE09-2018,CSE,CSEGEZG502,03/Jun/2020:10:05:54,https://wilp.wheebox.com/WET-2/homeV2.obj,406,,,54
2018GE09632,GE,GE09-2018,CSE,CSEGEZG502,03/Jun/2020:10:05:57,https://wilp.wheebox.com/WET-2/homeV2.obj,405,,,57
2018GE09633,GE,GE09-2018,CSE,CSEGEZG502,03/Jun/2020:10:05:01,https://wilp.wheebox.com/WET-2/homeV2.obj,405,,,01
2018GE09634,GE,GE09-2018,CSE,CSEGEZG502,03/Jun/2020:10:05:05,https://wilp.wheebox.com/WET-2/homeV2.obj,403,,,05
2018GE09635,GE,GE09-2018,CSE,CSEGEZG502,03/Jun/2020:10:05:09,https://wilp.wheebox.com/WET-2/homeV2.obj,404,,,09
2018GE09636,GE,GE09-2018,CSE,CSEGEZG502,03/Jun/2020:10:05:13,https://wilp.wheebox.com/WET-2/homeV2.obj,404,,,13
2018GE09637,GE,GE09-2018,CSE,CSEGEZG502,03/Jun/2020:10:05:17,https://wilp.wheebox.com/WET-2/homeV2.obj,405,,,17
2018GE09638,GE,GE09-2018,CSE,CSEGEZG502,03/Jun/2020:10:05:21,https://wilp.wheebox.com/WET-2/homeV2.obj,404,,,21
2018GE09639,GE,GE09-2018,CSE,CSEGEZG502,03/Jun/2020:10:05:25,https://wilp.wheebox.com/WET-2/homeV2.obj,403,,,25
2018GE09640,GE,GE09-2018,CSE,CSEGEZG502,03/Jun/2020:10:05:29,https://wilp.wheebox.com/LOGIN-2/wilp.jsp,401,,,29
2018GE09641,GE,GE09-2018,CSE,CSEGEZG502,03/Jun/2020:10:05:33,https://wilp.wheebox.com/LOGIN-2/wilp.jsp,401,,,33
2018GE09642,GE,GE09-2018,CSE,CSEGEZG502,03/Jun/2020:10:05:37,https://wilp.wheebox.com/LOGIN-2/wilp.jsp,402,,,37
2018GE09643,GE,GE09-2018,CSE,CSEGEZG502,03/Jun/2020:10:05:41,https://wilp.wheebox.com/LOGIN-2/wilp.jsp,402,,,41
2018GE09644,GE,GE09-2018,CSE,CSEGEZG502,03/Jun/2020:10:05:45,https://wilp.wheebox.com/LOGIN-2/wilp.jsp,402,,,45
2018GE09645,GE,GE09-2018,CSE,CSEGEZG501,03/Jun/2020:10:05:49,https://wilp.wheebox.com/LOGIN-2/wilp.jsp,402,,,49
2018GE09646,GE,GE09-2018,CSE,CSEGEZG501,03/Jun/2020:10:05:53,https://wilp.wheebox.com/LOGIN-2/wilp.jsp,402,,,53
2018GE09647,GE,GE09-2018,CSE,CSEGEZG501,03/Jun/2020:10:05:57,https://wilp.wheebox.com/LOGIN-2/wilp.jsp,402,,,57
2018GE09648,GE,GE09-2018,CSE,CSEGEZG501,03/Jun/2020:10:05:03,https://wilp.wheebox.com/WAT-3/login,401,,,03
2018GE09649,GE,GE09-2018,CSE,CSEGEZG501,03/Jun/2020:10:05:08,https://wilp.wheebox.com/WAT-3/login,401,,,08
2018GE09650,GE,GE09-2018,CSE,CSEGEZG501,03/Jun/2020:10:05:13,https://wilp.wheebox.com/WAT-3/login,401,,,13
2018GE09651,GE,GE09-2018,CSE,CSEGEZG501,03/Jun/2020:10:05:18,https://wilp.wheebox.com/WAT-3/login,401,,,18
2018GE09652,GE,GE09-2018,CSE,CSEGEZG501,03/Jun/2020:10:05:23,https://wilp.wheebox.com/WAT-3/login,401,,,23
2018GE09653,GE,GE09-2018,CSE,CSEGEZG501,03/Jun/2020:10:05:28,https://wilp.wheebox.com/WAT-3/login,401,,,28
2018GE09654,GE,GE09-2018,CSE,CSEGEZG501,03/Jun/2020:10:05:33,https://wilp.wheebox.com/WET-2/homeV2.obj,406,,,33
2018GE09655,GE,GE09-2018,CSE,CSEGEZG501,03/Jun/2020:10:05:38,https://wilp.wheebox.com/WET-2/homeV2.obj,403,,,38
2018GE09656,GE,GE09-2018,CSE,CSEGEZG503,10/Jun/2020:14:20:43,https://wilp.wheebox.com/WET-2/homeV2.obj,405,,,43
2018GE09657,GE,GE09-2018,CSE,CSEGEZG503,10/Jun/2020:14:20:48,https://wilp.wheebox.com/WET-2/homeV2.obj,403,,,48
2018GE09658,GE,GE09-2018,CSE,CSEGEZG503,10/Jun/2020:14:20:53,https://wilp.wheebox.com/WET-2/homeV2.obj,409,,,53
2018GE09659,GE,GE09-2018,CSE,CSEGEZG503,10/Jun/2020:14:20:58,https://wilp.wheebox.com/WET-2/homeV2.obj,406,,,58
2018GE09660,GE,GE09-2018,CSE,CSEGEZG503,10/Jun/2020:14:20:01,https://wilp.wheebox.com/WET-2/homeV2.obj,403,,,01
2018GE09661,GE,GE09-2018,CSE,CSEGEZG503,10/Jun/2020:14:20:06,https://wilp.wheebox.com/WET-2/homeV2.obj,403,,,06
2018GE09662,GE,GE09-2018,CSE,CSEGEZG503,10/Jun/2020:14:20:11,https://wilp.wheebox.com/WET-2/homeV2.obj,403,,,11
2018TM12301,TECH MAHINDRA,TM12-2018,DSE,DSETMZG521,03/Oct/2020:10:05:16,https://wilp.wheebox.com/WET-2/homeV2.obj,405,,,16
2018TM12302,TECH MAHINDRA,TM12-2018,DSE,DSETMZG521,03/Oct/2020:10:05:21,https://wilp.wheebox.com/WET-2/homeV2.obj,405,,,21
2018TM12303,TECH MAHINDRA,TM12-2018,DSE,DSETMZG521,03/Oct/2020:10:05:26,https://wheebox.com/static/tempFiles/upload_doc_03/Oct/2020:10:05:26,407,,,26
2018TM12304,TECH MAHINDRA,TM12-2018,DSE,DSETMZG521,03/Oct/2020:10:05:31,https://wheebox.com/static/tempFiles/upload_doc_03/Oct/2020:10:05:31,407,,,31
2018TM12305,TECH MAHINDRA,TM12-2018,DSE,DSETMZG521,03/Oct/2020:10:05:36,https://wheebox.com/static/tempFiles/upload_doc_03/Oct/2020:10:05:36,408,,,36
2018TM12306,TECH MAHINDRA,TM12-2018,DSE,DSETMZG521,03/Oct/2020:10:05:41,https://wheebox.com/static/tempFiles/upload_doc_03/Oct/2020:10:05:41,408,,,41
2018TM12307,TECH MAHINDRA,TM12-2018,DSE,DSETMZG521,03/Oct/2020:10:05:46,https://wheebox.com/static/tempFiles/upload_doc_03/Oct/2020:10:05:46,408,,,46
2018TM12308,TECH MAHINDRA,TM12-2018,DSE,DSETMZG521,03/Oct/2020:10:05:51,https://wheebox.com/static/tempFiles/upload_doc_03/Oct/2020:10:05:51,408,,,51
2018TM12309,TECH MAHINDRA,TM12-2018,DSE,DSETMZG521,03/Oct/2020:10:05:56,https://wheebox.com/static/tempFiles/upload_doc_03/Oct/2020:10:05:56,408,,,56
2018TM12310,TECH MAHINDRA,TM12-2018,DSE,DSETMZG523,10/Oct/2020:14:20:02,https://wheebox.com/static/tempFiles/upload_doc_10/Oct/2020:14:20:02,408,,,02
2018TM12311,TECH MAHINDRA,TM12-2018,DSE,DSETMZG523,10/Oct/2020:14:20:07,https://wheebox.com/static/tempFiles/upload_doc_10/Oct/2020:14:20:07,408,,,07
2018TM12312,TECH MAHINDRA,TM12-2018,DSE,DSETMZG523,10/Oct/2020:14:20:12,https://wheebox.com/static/tempFiles/upload_doc_10/Oct/2020:14:20:12,408,,,12
2018TM12313,TECH MAHINDRA,TM12-2018,DSE,DSETMZG523,10/Oct/2020:14:20:17,https://wilp.wheebox.com/WET-2/homeV2.obj,403,,,17
2018TM12314,TECH MAHINDRA,TM12-2018,DSE,DSETMZG523,10/Oct/2020:14:20:22,https://wilp.wheebox.com/WET-2/homeV2.obj,409,,,22
2018TM12315,TECH MAHINDRA,TM12-2018,DSE,DSETMZG523,10/Oct/2020:14:20:27,https://wilp.wheebox.com/WET-2/homeV2.obj,409,,,27
2018TM12316,TECH MAHINDRA,TM12-2018,DSE,DSETMZG523,10/Oct/2020:14:20:32,https://wilp.wheebox.com/WET-2/homeV2.obj,404,,,32
2018TM12317,TECH MAHINDRA,TM12-2018,DSE,DSETMZG523,10/Oct/2020:14:20:37,https://wilp.wheebox.com/WET-2/homeV2.obj,403,,,37
2018TM12318,TECH MAHINDRA,TM12-2018,DSE,DSETMZG523,10/Oct/2020:14:20:42,https://wilp.wheebox.com/WET-2/homeV2.obj,403,,,42
2018TM12319,TECH MAHINDRA,TM12-2018,DSE,DSETMZG523,10/Oct/2020:14:20:47,https://wilp.wheebox.com/WET-2/homeV2.obj,403,,,47
2018TM12320,TECH MAHINDRA,TM12-2018,DSE,DSETMZG523,10/Oct/2020:14:20:52,https://wilp.wheebox.com/WET-2/homeV2.obj,403,,,52
2018TM12321,TECH MAHINDRA,TM12-2018,DSE,DSETMZG523,10/Oct/2020:14:20:57,https://wilp.wheebox.com/WET-2/homeV2.obj,406,,,57
2018TM12322,TECH MAHINDRA,TM12-2018,DSE,DSETMZG523,10/Oct/2020:14:20:02,https://wilp.wheebox.com/WET-2/homeV2.obj,405,,,02
2018TM12323,TECH MAHINDRA,TM12-2018,DSE,DSETMZG524,10/Oct/2020:14:20:08,https://wilp.wheebox.com/WET-2/homeV2.obj,406,,,08
2018TM12324,TECH MAHINDRA,TM12-2018,DSE,DSETMZG524,10/Oct/2020:14:20:14,https://wilp.wheebox.com/WET-2/homeV2.obj,403,,,14
2018TM12325,TECH MAHINDRA,TM12-2018,DSE,DSETMZG524,10/Oct/2020:14:20:20,https://wilp.wheebox.com/WET-2/homeV2.obj,409,,,20
2018TM12326,TECH MAHINDRA,TM12-2018,DSE,DSETMZG524,10/Oct/2020:14:20:26,https://wilp.wheebox.com/LOGIN-2/wilp.jsp,401,,,26
2018TM12327,TECH MAHINDRA,TM12-2018,DSE,DSETMZG524,10/Oct/2020:14:20:32,https://wilp.wheebox.com/LOGIN-2/wilp.jsp,402,,,32
2018TM12328,TECH MAHINDRA,TM12-2018,DSE,DSETMZG524,10/Oct/2020:14:20:38,https://wilp.wheebox.com/LOGIN-2/wilp.jsp,402,,,38
2018TM12329,TECH MAHINDRA,TM12-2018,DSE,DSETMZG524,10/Oct/2020:14:20:44,https://wilp.wheebox.com/LOGIN-2/wilp.jsp,402,,,44
2018TM12330,TECH MAHINDRA,TM12-2018,DSE,DSETMZG524,10/Oct/2020:14:20:50,https://wilp.wheebox.com/LOGIN-2/wilp.jsp,402,,,50
2018TM12331,TECH MAHINDRA,TM12-2018,DSE,DSETMZG524,10/Oct/2020:14:20:56,https://wilp.wheebox.com/LOGIN-2/wilp.jsp,401,,,56
2018TM12332,TECH MAHINDRA,TM12-2018,DSE,DSETMZG524,10/Oct/2020:14:20:03,https://wilp.wheebox.com/LOGIN-2/wilp.jsp,401,,,03
2018TM12333,TECH MAHINDRA,TM12-2018,DSE,DSETMZG521,03/Oct/2020:10:05:05,https://wilp.wheebox.com/WAT-3/login,401,,,05
2018TM12334,TECH MAHINDRA,TM12-2018,DSE,DSETMZG521,03/Oct/2020:10:05:07,https://wilp.wheebox.com/WAT-3/login,401,,,07
2018TM12335,TECH MAHINDRA,TM12-2018,DSE,DSETMZG522,03/Oct/2020:10:05:09,https://wilp.wheebox.com/WAT-3/login,401,,,09
2018TM12336,TECH MAHINDRA,TM12-2018,DSE,DSETMZG522,03/Oct/2020:10:05:11,https://wilp.wheebox.com/WAT-3/login,402,,,11
2018TM12337,TECH MAHINDRA,TM12-2018,DSE,DSETMZG522,03/Oct/2020:10:05:13,https://wilp.wheebox.com/WAT-3/login,402,,,13
2018TM12338,TECH MAHINDRA,TM12-2018,DSE,DSETMZG522,03/Oct/2020:10:05:15,https://wilp.wheebox.com/WAT-3/login,402,,,15
2018TM12339,TECH MAHINDRA,TM12-2018,DSE,DSETMZG522,03/Oct/2020:10:05:17,https://wilp.wheebox.com/WAT-3/login,402,,,17
2018TM12340,TECH MAHINDRA,TM12-2018,DSE,DSETMZG522,03/Oct/2020:10:05:19,https://wilp.wheebox.com/WAT-3/login,402,,,19
2018TM12341,TECH MAHINDRA,TM12-2018,DSE,DSETMZG522,03/Oct/2020:10:05:21,https://wilp.wheebox.com/WAT-3/login,402,,,21
2018TM12342,TECH MAHINDRA,TM12-2018,DSE,DSETMZG522,03/Oct/2020:10:05:23,https://wilp.wheebox.com/WAT-3/login,402,,,23
2018TM12343,TECH MAHINDRA,TM12-2018,DSE,DSETMZG522,03/Oct/2020:10:05:25,https://wilp.wheebox.com/WAT-3/login,402,,,25
2018TM12344,TECH MAHINDRA,TM12-2018,DSE,DSETMZG522,03/Oct/2020:10:05:27,https://wilp.wheebox.com/LOGIN-2/wilp.jsp,401,,,27
2018TM12345,TECH MAHINDRA,TM12-2018,DSE,DSETMZG522,03/Oct/2020:10:05:29,https://wilp.wheebox.com/LOGIN-2/wilp.jsp,401,,,29
2018TM12346,TECH MAHINDRA,TM12-2018,DSE,DSETMZG522,03/Oct/2020:10:05:31,https://wilp.wheebox.com/LOGIN-2/wilp.jsp,401,,,31
2018TM12347,TECH MAHINDRA,TM12-2018,DSE,DSETMZG522,03/Oct/2020:10:05:33,https://wilp.wheebox.com/LOGIN-2/wilp.jsp,401,,,33
2018TM12348,TECH MAHINDRA,TM12-2018,DSE,DSETMZG522,03/Oct/2020:10:05:35,https://wilp.wheebox.com/WET-2/homeV2.obj,404,,,35
2018TM12349,TECH MAHINDRA,TM12-2018,DSE,DSETMZG522,03/Oct/2020:10:05:37,https://wilp.wheebox.com/WET-2/homeV2.obj,403,,,37
2018TM12350,TECH MAHINDRA,TM12-2018,DSE,DSETMZG522,03/Oct/2020:10:05:39,https://wilp.wheebox.com/WET-2/homeV2.obj,406,,,39
2018TM12351,TECH MAHINDRA,TM12-2018,DSE,DSETMZG522,03/Oct/2020:10:05:41,https://wilp.wheebox.com/WET-2/homeV2.obj,404,,,41
2018TM12352,TECH MAHINDRA,TM12-2018,DSE,DSETMZG522,03/Oct/2020:10:05:43,https://wilp.wheebox.com/WET-2/homeV2.obj,404,,,43
2018TM12353,TECH MAHINDRA,TM12-2018,DSE,DSETMZG522,03/Oct/2020:10:05:45,https://wilp.wheebox.com/WET-2/homeV2.obj,403,,,45
2018TM12354,TECH MAHINDRA,TM12-2018,DSE,DSETMZG522,03/Oct/2020:10:05:47,https://wilp.wheebox.com/WET-2/homeV2.obj,405,,,47
2018TM12355,TECH MAHINDRA,TM12-2018,DSE,DSETMZG522,03/Oct/2020:10:05:49,https://wilp.wheebox.com/WET-2/homeV2.obj,405,,,49
2018TM12356,TECH MAHINDRA,TM12-2018,DSE,DSETMZG522,03/Oct/2020:10:05:51,https://wilp.wheebox.com/WET-2/homeV2.obj,403,,,51
2018TM12357,TECH MAHINDRA,TM12-2018,DSE,DSETMZG522,03/Oct/2020:10:05:53,https://wilp.wheebox.com/WET-2/homeV2.obj,403,,,53
2018TM12358,TECH MAHINDRA,TM12-2018,DSE,DSETMZG521,03/Oct/2020:10:05:55,https://wilp.wheebox.com/WET-2/homeV2.obj,403,,,55
2018TM12359,TECH MAHINDRA,TM12-2018,DSE,DSETMZG521,03/Oct/2020:10:05:57,https://wilp.wheebox.com/WET-2/homeV2.obj,406,,,57
2018TM12360,TECH MAHINDRA,TM12-2018,DSE,DSETMZG521,03/Oct/2020:10:05:59,https://wheebox.com/static/tempFiles/upload_doc_03/Oct/2020:10:05:59,407,,,59
2018TM12361,TECH MAHINDRA,TM12-2018,DSE,DSETMZG521,03/Oct/2020:10:05:01,https://wheebox.com/static/tempFiles/upload_doc_03/Oct/2020:10:05:01,407,,,01
2018TM12362,TECH MAHINDRA,TM12-2018,DSE,DSETMZG521,03/Oct/2020:10:05:09,https://wheebox.com/static/tempFiles/upload_doc_03/Oct/2020:10:05:09,407,,,09
2018TM12363,TECH MAHINDRA,TM12-2018,DSE,DSETMZG521,03/Oct/2020:10:05:17,https://wheebox.com/static/tempFiles/upload_doc_03/Oct/2020:10:05:17,407,,,17
2018TM12364,TECH MAHINDRA,TM12-2018,DSE,DSETMZG521,03/Oct/2020:10:05:25,https://wheebox.com/static/tempFiles/upload_doc_03/Oct/2020:10:05:25,407,,,25
2018TM12365,TECH MAHINDRA,TM12-2018,DSE,DSETMZG521,03/Oct/2020:10:05:33,https://wheebox.com/static/tempFiles/upload_doc_03/Oct/2020:10:05:33,408,,,33
2018TM12366,TECH MAHINDRA,TM12-2018,DSE,DSETMZG521,03/Oct/2020:10:05:41,https://wheebox.com/static/tempFiles/upload_doc_03/Oct/2020:10:05:41,408,,,41
2018TM12367,TECH MAHINDRA,TM12-2018,DSE,DSETMZG521,03/Oct/2020:10:05:49,https://wheebox.com/static/tempFiles/upload_doc_03/Oct/2020:10:05:49,407,,,49
2018TM12368,TECH MAHINDRA,TM12-2018,DSE,DSETMZG523,10/Oct/2020:14:20:57,https://wheebox.com/static/tempFiles/upload_doc_10/Oct/2020:14:20:57,407,,,57
2018TM12369,TECH MAHINDRA,TM12-2018,DSE,DSETMZG523,10/Oct/2020:14:20:05,https://wheebox.com/static/tempFiles/upload_doc_10/Oct/2020:14:20:05,407,,,05
2018TM12370,TECH MAHINDRA,TM12-2018,DSE,DSETMZG523,10/Oct/2020:14:20:05,https://wilp.wheebox.com/WET-2/homeV2.obj,409,,,05
2018TM12371,TECH MAHINDRA,TM12-2018,DSE,DSETMZG523,10/Oct/2020:14:20:05,https://wilp.wheebox.com/WET-2/homeV2.obj,409,,,05
2018TM12372,TECH MAHINDRA,TM12-2018,DSE,DSETMZG523,10/Oct/2020:14:20:06,https://wilp.wheebox.com/WET-2/homeV2.obj,405,,,06
2018TM12373,TECH MAHINDRA,TM12-2018,DSE,DSETMZG522,03/Oct/2020:10:05:10,https://wilp.wheebox.com/WET-2/homeV2.obj,406,,,10
2018TM12374,TECH MAHINDRA,TM12-2018,DSE,DSETMZG522,03/Oct/2020:10:05:14,https://wilp.wheebox.com/WET-2/homeV2.obj,403,,,14
2018TM12375,TECH MAHINDRA,TM12-2018,DSE,DSETMZG522,03/Oct/2020:10:05:18,https://wilp.wheebox.com/WET-2/homeV2.obj,405,,,18
2019TM06201,TECH MAHINDRA,TM06-2019,CSE,CSETMZG501,03/Jun/2020:10:05:22,https://wilp.wheebox.com/WET-2/homeV2.obj,404,,,22
2019TM06202,TECH MAHINDRA,TM06-2019,CSE,CSETMZG501,03/Jun/2020:10:05:26,https://wilp.wheebox.com/WET-2/homeV2.obj,405,,,26
2019TM06203,TECH MAHINDRA,TM06-2019,CSE,CSETMZG501,03/Jun/2020:10:05:30,https://wilp.wheebox.com/WET-2/homeV2.obj,404,,,30
2019TM06204,TECH MAHINDRA,TM06-2019,CSE,CSETMZG501,03/Jun/2020:10:05:34,https://wilp.wheebox.com/WET-2/homeV2.obj,404,,,34
2019TM06205,TECH MAHINDRA,TM06-2019,CSE,CSETMZG501,03/Jun/2020:10:05:38,https://wilp.wheebox.com/WET-2/homeV2.obj,405,,,38
2019TM06206,TECH MAHINDRA,TM06-2019,CSE,CSETMZG501,03/Jun/2020:10:05:42,https://wilp.wheebox.com/WET-2/homeV2.obj,405,,,42
2019TM06207,TECH MAHINDRA,TM06-2019,CSE,CSETMZG501,03/Jun/2020:10:05:46,https://wilp.wheebox.com/WET-2/homeV2.obj,406,,,46
2019TM06208,TECH MAHINDRA,TM06-2019,CSE,CSETMZG501,03/Jun/2020:10:05:50,https://wilp.wheebox.com/WET-2/homeV2.obj,403,,,50
2019TM06209,TECH MAHINDRA,TM06-2019,CSE,CSETMZG501,03/Jun/2020:10:05:54,https://wilp.wheebox.com/WET-2/homeV2.obj,403,,,54
2019TM06210,TECH MAHINDRA,TM06-2019,CSE,CSETMZG501,03/Jun/2020:10:05:58,https://wilp.wheebox.com/WET-2/homeV2.obj,403,,,58
2019TM06211,TECH MAHINDRA,TM06-2019,CSE,CSETMZG501,03/Jun/2020:10:05:02,https://wilp.wheebox.com/WET-2/homeV2.obj,404,,,02
2019TM06212,TECH MAHINDRA,TM06-2019,CSE,CSETMZG503,10/Jun/2020:14:20:09,https://wilp.wheebox.com/WET-2/homeV2.obj,406,,,09
2019TM06213,TECH MAHINDRA,TM06-2019,CSE,CSETMZG504,10/Jun/2020:14:20:16,https://wilp.wheebox.com/WET-2/homeV2.obj,409,,,16
2019TM06214,TECH MAHINDRA,TM06-2019,CSE,CSETMZG504,10/Jun/2020:14:20:23,https://wilp.wheebox.com/LOGIN-2/wilp.jsp,401,,,23
2019TM06215,TECH MAHINDRA,TM06-2019,CSE,CSETMZG504,10/Jun/2020:14:20:30,https://wilp.wheebox.com/LOGIN-2/wilp.jsp,401,,,30
2019TM06216,TECH MAHINDRA,TM06-2019,CSE,CSETMZG504,10/Jun/2020:14:20:37,https://wilp.wheebox.com/LOGIN-2/wilp.jsp,401,,,37
2019TM06217,TECH MAHINDRA,TM06-2019,CSE,CSETMZG504,10/Jun/2020:14:20:44,https://wilp.wheebox.com/LOGIN-2/wilp.jsp,401,,,44
2019TM06218,TECH MAHINDRA,TM06-2019,CSE,CSETMZG504,10/Jun/2020:14:20:51,https://wilp.wheebox.com/LOGIN-2/wilp.jsp,401,,,51
2019TM06219,TECH MAHINDRA,TM06-2019,CSE,CSETMZG504,10/Jun/2020:14:20:58,https://wilp.wheebox.com/LOGIN-2/wilp.jsp,401,,,58
2019TM06220,TECH MAHINDRA,TM06-2019,CSE,CSETMZG504,10/Jun/2020:14:20:04,https://wilp.wheebox.com/LOGIN-2/wilp.jsp,402,,,04
2019TM06221,TECH MAHINDRA,TM06-2019,CSE,CSETMZG503,10/Jun/2020:14:20:09,https://wilp.wheebox.com/LOGIN-2/wilp.jsp,402,,,09
2019TM06222,TECH MAHINDRA,TM06-2019,CSE,CSETMZG502,03/Jun/2020:10:05:14,https://wilp.wheebox.com/LOGIN-2/wilp.jsp,402,,,14
2019TM06223,TECH MAHINDRA,TM06-2019,CSE,CSETMZG502,03/Jun/2020:10:05:19,https://wilp.wheebox.com/LOGIN-2/wilp.jsp,402,,,19
2019TM06224,TECH MAHINDRA,TM06-2019,CSE,CSETMZG502,03/Jun/2020:10:05:24,https://wilp.wheebox.com/LOGIN-2/wilp.jsp,401,,,24
2019TM06225,TECH MAHINDRA,TM06-2019,CSE,CSETMZG502,03/Jun/2020:10:05:29,https://wilp.wheebox.com/LOGIN-2/wilp.jsp,401,,,29
2019TM06226,TECH MAHINDRA,TM06-2019,CSE,CSETMZG502,03/Jun/2020:10:05:34,https://wilp.wheebox.com/LOGIN-2/wilp.jsp,401,,,34
2019TM06227,TECH MAHINDRA,TM06-2019,CSE,CSETMZG502,03/Jun/2020:10:05:39,https://wilp.wheebox.com/LOGIN-2/wilp.jsp,402,,,39
2019TM06228,TECH MAHINDRA,TM06-2019,CSE,CSETMZG502,03/Jun/2020:10:05:44,https://wilp.wheebox.com/LOGIN-2/wilp.jsp,402,,,44
2019TM06229,TECH MAHINDRA,TM06-2019,CSE,CSETMZG502,03/Jun/2020:10:05:49,https://wilp.wheebox.com/LOGIN-2/wilp.jsp,402,,,49
2019TM06230,TECH MAHINDRA,TM06-2019,CSE,CSETMZG502,03/Jun/2020:10:05:54,https://wilp.wheebox.com/LOGIN-2/wilp.jsp,402,,,54
2019TM06231,TECH MAHINDRA,TM06-2019,CSE,CSETMZG502,03/Jun/2020:10:05:59,https://wilp.wheebox.com/LOGIN-2/wilp.jsp,401,,,59
2019TM06232,TECH MAHINDRA,TM06-2019,CSE,CSETMZG502,03/Jun/2020:10:05:03,https://wilp.wheebox.com/LOGIN-2/wilp.jsp,401,,,03
2019TM06233,TECH MAHINDRA,TM06-2019,CSE,CSETMZG502,03/Jun/2020:10:05:07,https://wilp.wheebox.com/LOGIN-2/wilp.jsp,401,,,07
2019TM06234,TECH MAHINDRA,TM06-2019,CSE,CSETMZG502,03/Jun/2020:10:05:11,https://wilp.wheebox.com/LOGIN-2/wilp.jsp,402,,,11
2019TM06235,TECH MAHINDRA,TM06-2019,CSE,CSETMZG502,03/Jun/2020:10:05:15,https://wilp.wheebox.com/LOGIN-2/wilp.jsp,402,,,15
2019TM06236,TECH MAHINDRA,TM06-2019,CSE,CSETMZG502,03/Jun/2020:10:05:19,https://wilp.wheebox.com/LOGIN-2/wilp.jsp,401,,,19
2019TM06237,TECH MAHINDRA,TM06-2019,CSE,CSETMZG502,03/Jun/2020:10:05:23,https://wilp.wheebox.com/WET-2/homeV2.obj,404,,,23
2019TM06238,TECH MAHINDRA,TM06-2019,CSE,CSETMZG502,03/Jun/2020:10:05:27,https://wilp.wheebox.com/WET-2/homeV2.obj,406,,,27
2019TM06239,TECH MAHINDRA,TM06-2019,CSE,CSETMZG502,03/Jun/2020:10:05:31,https://wilp.wheebox.com/WET-2/homeV2.obj,406,,,31
2019TM06240,TECH MAHINDRA,TM06-2019,CSE,CSETMZG502,03/Jun/2020:10:05:35,https://wilp.wheebox.com/WET-2/homeV2.obj,406,,,35
2019TM06241,TECH MAHINDRA,TM06-2019,CSE,CSETMZG502,03/Jun/2020:10:05:39,https://wilp.wheebox.com/WET-2/homeV2.obj,405,,,39
2019TM06242,TECH MAHINDRA,TM06-2019,CSE,CSETMZG502,03/Jun/2020:10:05:43,https://wilp.wheebox.com/WET-2/homeV2.obj,405,,,43
2019TM06243,TECH MAHINDRA,TM06-2019,CSE,CSETMZG502,03/Jun/2020:10:05:47,https://wilp.wheebox.com/WET-2/homeV2.obj,405,,,47
2019TM06244,TECH MAHINDRA,TM06-2019,CSE,CSETMZG502,03/Jun/2020:10:05:51,https://wilp.wheebox.com/WET-2/homeV2.obj,404,,,51
2019TM06245,TECH MAHINDRA,TM06-2019,CSE,CSETMZG501,03/Jun/2020:10:05:55,https://wilp.wheebox.com/WET-2/homeV2.obj,403,,,55
2019TM06246,TECH MAHINDRA,TM06-2019,CSE,CSETMZG501,03/Jun/2020:10:05:59,https://wilp.wheebox.com/WET-2/homeV2.obj,405,,,59
2019TM06247,TECH MAHINDRA,TM06-2019,CSE,CSETMZG501,03/Jun/2020:10:05:03,https://wilp.wheebox.com/WET-2/homeV2.obj,406,,,03
2019TM06248,TECH MAHINDRA,TM06-2019,CSE,CSETMZG501,03/Jun/2020:10:05:08,https://wilp.wheebox.com/WET-2/homeV2.obj,403,,,08
2019TM06249,TECH MAHINDRA,TM06-2019,CSE,CSETMZG501,03/Jun/2020:10:05:13,https://wilp.wheebox.com/WET-2/homeV2.obj,404,,,13
2019TM06250,TECH MAHINDRA,TM06-2019,CSE,CSETMZG501,03/Jun/2020:10:05:18,https://wilp.wheebox.com/WET-2/homeV2.obj,405,,,18
2019TM06251,TECH MAHINDRA,TM06-2019,CSE,CSETMZG501,03/Jun/2020:10:05:23,https://wilp.wheebox.com/LOGIN-2/wilp.jsp,401,,,23
2019TM06252,TECH MAHINDRA,TM06-2019,CSE,CSETMZG501,03/Jun/2020:10:05:28,https://wilp.wheebox.com/LOGIN-2/wilp.jsp,401,,,28
2019TM06253,TECH MAHINDRA,TM06-2019,CSE,CSETMZG501,03/Jun/2020:10:05:33,https://wilp.wheebox.com/LOGIN-2/wilp.jsp,402,,,33
2019TM06254,TECH MAHINDRA,TM06-2019,CSE,CSETMZG501,03/Jun/2020:10:05:38,https://wilp.wheebox.com/LOGIN-2/wilp.jsp,402,,,38
2019TM06255,TECH MAHINDRA,TM06-2019,CSE,CSETMZG501,03/Jun/2020:10:05:43,https://wilp.wheebox.com/LOGIN-2/wilp.jsp,402,,,43
2019TM06256,TECH MAHINDRA,TM06-2019,CSE,CSETMZG503,10/Jun/2020:14:20:48,https://wilp.wheebox.com/LOGIN-2/wilp.jsp,402,,,48
2019TM06257,TECH MAHINDRA,TM06-2019,CSE,CSETMZG503,10/Jun/2020:14:20:53,https://wilp.wheebox.com/LOGIN-2/wilp.jsp,402,,,53
2019TM06258,TECH MAHINDRA,TM06-2019,CSE,CSETMZG503,10/Jun/2020:14:20:58,https://wilp.wheebox.com/LOGIN-2/wilp.jsp,401,,,58
2019TM06259,TECH MAHINDRA,TM06-2019,CSE,CSETMZG503,10/Jun/2020:14:20:02,https://wilp.wheebox.com/LOGIN-2/wilp.jsp,401,,,02
2019TM06260,TECH MAHINDRA,TM06-2019,CSE,CSETMZG503,10/Jun/2020:14:20:05,https://wilp.wheebox.com/LOGIN-2/wilp.jsp,402,,,05
2019TM06261,TECH MAHINDRA,TM06-2019,CSE,CSETMZG503,10/Jun/2020:14:20:08,https://wilp.wheebox.com/LOGIN-2/wilp.jsp,402,,,08
2019TM06262,TECH MAHINDRA,TM06-2019,CSE,CSETMZG503,10/Jun/2020:14:20:11,https://wilp.wheebox.com/LOGIN-2/wilp.jsp,402,,,11
2019TM06263,TECH MAHINDRA,TM06-2019,CSE,CSETMZG504,10/Jun/2020:14:20:14,https://wilp.wheebox.com/LOGIN-2/wilp.jsp,401,,,14
2019TM06264,TECH MAHINDRA,TM06-2019,CSE,CSETMZG504,10/Jun/2020:14:20:17,https://wilp.wheebox.com/LOGIN-2/wilp.jsp,401,,,17
2019TM06265,TECH MAHINDRA,TM06-2019,CSE,CSETMZG504,10/Jun/2020:14:20:20,https://wilp.wheebox.com/LOGIN-2/wilp.jsp,401,,,20
2019TM06266,TECH MAHINDRA,TM06-2019,CSE,CSETMZG504,10/Jun/2020:14:20:23,https://wilp.wheebox.com/LOGIN-2/wilp.jsp,401,,,23
2019TM06267,TECH MAHINDRA,TM06-2019,CSE,CSETMZG504,10/Jun/2020:14:20:26,https://wilp.wheebox.com/LOGIN-2/wilp.jsp,401,,,26
2019TM06268,TECH MAHINDRA,TM06-2019,CSE,CSETMZG504,10/Jun/2020:14:20:29,https://wilp.wheebox.com/LOGIN-2/wilp.jsp,402,,,29
2019TM06269,TECH MAHINDRA,TM06-2019,CSE,CSETMZG504,10/Jun/2020:14:20:32,https://wilp.wheebox.com/WET-2/homeV2.obj,403,,,32
2019TM06270,TECH MAHINDRA,TM06-2019,CSE,CSETMZG504,10/Jun/2020:14:20:35,https://wilp.wheebox.com/WET-2/homeV2.obj,406,,,35
2019TM06271,TECH MAHINDRA,TM06-2019,CSE,CSETMZG504,10/Jun/2020:14:20:38,https://wilp.wheebox.com/WET-2/homeV2.obj,409,,,38
2019TM06272,TECH MAHINDRA,TM06-2019,CSE,CSETMZG504,10/Jun/2020:14:20:41,https://wilp.wheebox.com/WET-2/homeV2.obj,409,,,41
2019TM06273,TECH MAHINDRA,TM06-2019,CSE,CSETMZG504,10/Jun/2020:14:20:44,https://wilp.wheebox.com/WET-2/homeV2.obj,403,,,44
2019TM06274,TECH MAHINDRA,TM06-2019,CSE,CSETMZG504,10/Jun/2020:14:20:47,https://wilp.wheebox.com/WET-2/homeV2.obj,403,,,47
2019TM06275,TECH MAHINDRA,TM06-2019,CSE,CSETMZG504,10/Jun/2020:14:20:50,https://wilp.wheebox.com/WET-2/homeV2.obj,406,,,50
2019TM06276,TECH MAHINDRA,TM06-2019,CSE,CSETMZG504,10/Jun/2020:14:20:53,https://wilp.wheebox.com/WET-2/homeV2.obj,403,,,53
2019TM06277,TECH MAHINDRA,TM06-2019,CSE,CSETMZG504,10/Jun/2020:14:20:56,https://wilp.wheebox.com/WET-2/homeV2.obj,406,,,56
2019TM06278,TECH MAHINDRA,TM06-2019,CSE,CSETMZG504,10/Jun/2020:14:20:59,https://wilp.wheebox.com/WET-2/homeV2.obj,409,,,59
2019TM06279,TECH MAHINDRA,TM06-2019,CSE,CSETMZG504,10/Jun/2020:14:20:01,https://wilp.wheebox.com/WET-2/homeV2.obj,403,,,01
2019TM06280,TECH MAHINDRA,TM06-2019,CSE,CSETMZG501,03/Jun/2020:10:05:01,https://wilp.wheebox.com/WET-2/homeV2.obj,406,,,01
2019TM06281,TECH MAHINDRA,TM06-2019,CSE,CSETMZG501,03/Jun/2020:10:05:01,https://wilp.wheebox.com/WET-2/homeV2.obj,406,,,01
2019TM06282,TECH MAHINDRA,TM06-2019,CSE,CSETMZG501,03/Jun/2020:10:05:05,https://wilp.wheebox.com/LOGIN-2/wilp.jsp,402,,,05
2019TM06283,TECH MAHINDRA,TM06-2019,CSE,CSETMZG501,03/Jun/2020:10:05:09,https://wilp.wheebox.com/LOGIN-2/wilp.jsp,402,,,09
2019TM06284,TECH MAHINDRA,TM06-2019,CSE,CSETMZG501,03/Jun/2020:10:05:13,https://wilp.wheebox.com/LOGIN-2/wilp.jsp,401,,,13
2019TM06285,TECH MAHINDRA,TM06-2019,CSE,CSETMZG501,03/Jun/2020:10:05:17,https://wilp.wheebox.com/LOGIN-2/wilp.jsp,401,,,17
2019TM06286,TECH MAHINDRA,TM06-2019,CSE,CSETMZG501,03/Jun/2020:10:05:21,https://wilp.wheebox.com/LOGIN-2/wilp.jsp,401,,,21
2019TM06287,TECH MAHINDRA,TM06-2019,CSE,CSETMZG501,03/Jun/2020:10:05:25,https://wilp.wheebox.com/LOGIN-2/wilp.jsp,402,,,25
2019TM06288,TECH MAHINDRA,TM06-2019,CSE,CSETMZG501,03/Jun/2020:10:05:29,https://wilp.wheebox.com/LOGIN-2/wilp.jsp,402,,,29
2019TM06289,TECH MAHINDRA,TM06-2019,CSE,CSETMZG501,03/Jun/2020:10:05:33,https://wilp.wheebox.com/LOGIN-2/wilp.jsp,402,,,33
2019TM06290,TECH MAHINDRA,TM06-2019,CSE,CSETMZG501,03/Jun/2020:10:05:37,https://wilp.wheebox.com/LOGIN-2/wilp.jsp,402,,,37
2019TM06291,TECH MAHINDRA,TM06-2019,CSE,CSETMZG502,03/Jun/2020:10:05:41,https://wilp.wheebox.com/LOGIN-2/wilp.jsp,401,,,41
2019TM06292,TECH MAHINDRA,TM06-2019,CSE,CSETMZG502,03/Jun/2020:10:05:45,https://wilp.wheebox.com/LOGIN-2/wilp.jsp,401,,,45
2019TM06293,TECH MAHINDRA,TM06-2019,CSE,CSETMZG502,03/Jun/2020:10:05:49,https://wilp.wheebox.com/WET-2/homeV2.obj,406,,,49
2019TM06294,TECH MAHINDRA,TM06-2019,CSE,CSETMZG502,03/Jun/2020:10:05:53,https://wilp.wheebox.com/WET-2/homeV2.obj,406,,,53
2019TM06295,TECH MAHINDRA,TM06-2019,CSE,CSETMZG502,03/Jun/2020:10:05:57,https://wilp.wheebox.com/WET-2/homeV2.obj,405,,,57
2019TM06296,TECH MAHINDRA,TM06-2019,CSE,CSETMZG502,03/Jun/2020:10:05:03,https://wilp.wheebox.com/WET-2/homeV2.obj,403,,,03
2019TM06297,TECH MAHINDRA,TM06-2019,CSE,CSETMZG502,03/Jun/2020:10:05:03,https://wilp.wheebox.com/WET-2/homeV2.obj,403,,,03
2019TM06298,TECH MAHINDRA,TM06-2019,CSE,CSETMZG502,03/Jun/2020:10:05:03,https://wilp.wheebox.com/WET-2/homeV2.obj,406,,,03
2019TM06299,TECH MAHINDRA,TM06-2019,CSE,CSETMZG502,03/Jun/2020:10:05:07,https://wilp.wheebox.com/WET-2/homeV2.obj,409,,,07
2019TM06300,TECH MAHINDRA,TM06-2019,CSE,CSETMZG502,03/Jun/2020:10:05:11,https://wilp.wheebox.com/WET-2/homeV2.obj,403,,,11
2019TM06301,TECH MAHINDRA,TM06-2019,CSE,CSETMZG502,03/Jun/2020:10:05:15,https://wilp.wheebox.com/WET-2/homeV2.obj,409,,,15
2019TM06302,TECH MAHINDRA,TM06-2019,CSE,CSETMZG502,03/Jun/2020:10:05:19,https://wilp.wheebox.com/WET-2/homeV2.obj,405,,,19
2019TM06303,TECH MAHINDRA,TM06-2019,CSE,CSETMZG502,03/Jun/2020:10:05:23,https://wilp.wheebox.com/WET-2/homeV2.obj,405,,,23
2019TM06304,TECH MAHINDRA,TM06-2019,CSE,CSETMZG502,03/Jun/2020:10:05:27,https://wilp.wheebox.com/WET-2/homeV2.obj,405,,,27
2019TM06305,TECH MAHINDRA,TM06-2019,CSE,CSETMZG502,03/Jun/2020:10:05:31,https://wilp.wheebox.com/WET-2/homeV2.obj,403,,,31
2019TM06306,TECH MAHINDRA,TM06-2019,CSE,CSETMZG502,03/Jun/2020:10:05:35,https://wilp.wheebox.com/WET-2/homeV2.obj,403,,,35
2019TM06307,TECH MAHINDRA,TM06-2019,CSE,CSETMZG502,03/Jun/2020:10:05:39,https://wilp.wheebox.com/WET-2/homeV2.obj,409,,,39
2019TM06308,TECH MAHINDRA,TM06-2019,CSE,CSETMZG502,03/Jun/2020:10:05:43,https://wilp.wheebox.com/WET-2/homeV2.obj,404,,,43
2019TM06309,TECH MAHINDRA,TM06-2019,CSE,CSETMZG502,03/Jun/2020:10:05:47,https://wilp.wheebox.com/LOGIN-2/wilp.jsp,401,,,47
2019TM06310,TECH MAHINDRA,TM06-2019,CSE,CSETMZG502,03/Jun/2020:10:05:51,https://wilp.wheebox.com/LOGIN-2/wilp.jsp,401,,,51
2019TM06311,TECH MAHINDRA,TM06-2019,CSE,CSETMZG502,03/Jun/2020:10:05:55,https://wilp.wheebox.com/WAT-3/login,401,,,55
2019TM06312,TECH MAHINDRA,TM06-2019,CSE,CSETMZG502,03/Jun/2020:10:05:59,https://wilp.wheebox.com/WAT-3/login,401,,,59
2019TM06313,TECH MAHINDRA,TM06-2019,CSE,CSETMZG502,03/Jun/2020:10:05:02,https://wilp.wheebox.com/WAT-3/login,401,,,02
2019TM06314,TECH MAHINDRA,TM06-2019,CSE,CSETMZG502,03/Jun/2020:10:05:02,https://wilp.wheebox.com/WAT-3/login,401,,,02
2019TM06315,TECH MAHINDRA,TM06-2019,CSE,CSETMZG502,03/Jun/2020:10:05:02,https://wilp.wheebox.com/WAT-3/login,401,,,02
2019TM06316,TECH MAHINDRA,TM06-2019,CSE,CSETMZG502,03/Jun/2020:10:05:06,https://wilp.wheebox.com/WAT-3/login,402,,,06
2019TM06317,TECH MAHINDRA,TM06-2019,CSE,CSETMZG502,03/Jun/2020:10:05:10,https://wilp.wheebox.com/LOGIN-2/wilp.jsp,402,,,10
2019TM06318,TECH MAHINDRA,TM06-2019,CSE,CSETMZG503,10/Jun/2020:14:20:14,https://wilp.wheebox.com/LOGIN-2/wilp.jsp,402,,,14
2019TM06319,TECH MAHINDRA,TM06-2019,CSE,CSETMZG503,10/Jun/2020:14:20:18,https://wilp.wheebox.com/LOGIN-2/wilp.jsp,401,,,18
2019TM06320,TECH MAHINDRA,TM06-2019,CSE,CSETMZG503,10/Jun/2020:14:20:22,https://wilp.wheebox.com/LOGIN-2/wilp.jsp,402,,,22
2019TM06321,TECH MAHINDRA,TM06-2019,CSE,CSETMZG503,10/Jun/2020:14:20:26,https://wilp.wheebox.com/LOGIN-2/wilp.jsp,401,,,26
2019TM06322,TECH MAHINDRA,TM06-2019,CSE,CSETMZG503,10/Jun/2020:14:20:30,https://wilp.wheebox.com/LOGIN-2/wilp.jsp,401,,,30
2019TM06323,TECH MAHINDRA,TM06-2019,CSE,CSETMZG503,10/Jun/2020:14:20:34,https://wilp.wheebox.com/LOGIN-2/wilp.jsp,401,,,34
2019TM06324,TECH MAHINDRA,TM06-2019,CSE,CSETMZG503,10/Jun/2020:14:20:38,https://wilp.wheebox.com/LOGIN-2/wilp.jsp,402,,,38
2019TM06325,TECH MAHINDRA,TM06-2019,CSE,CSETMZG503,10/Jun/2020:14:20:42,https://wilp.wheebox.com/LOGIN-2/wilp.jsp,402,,,42
2019TM06326,TECH MAHINDRA,TM06-2019,CSE,CSETMZG503,10/Jun/2020:14:20:46,https://wilp.wheebox.com/LOGIN-2/wilp.jsp,402,,,46
2019TM06327,TECH MAHINDRA,TM06-2019,CSE,CSETMZG503,10/Jun/2020:14:20:50,https://wilp.wheebox.com/LOGIN-2/wilp.jsp,402,,,50
2019TM06328,TECH MAHINDRA,TM06-2019,CSE,CSETMZG503,10/Jun/2020:14:20:54,https://wilp.wheebox.com/LOGIN-2/wilp.jsp,402,,,54
2019TM06329,TECH MAHINDRA,TM06-2019,CSE,CSETMZG503,10/Jun/2020:14:20:58,https://wheebox.com/static/tempFiles/upload_doc_10/Jun/2020:14:20:58,407,,,58
2019TM06330,TECH MAHINDRA,TM06-2019,CSE,CSETMZG503,10/Jun/2020:14:20:00,https://wheebox.com/static/tempFiles/upload_doc_10/Jun/2020:14:20:00,407,,,00
2019TM06331,TECH MAHINDRA,TM06-2019,CSE,CSETMZG503,10/Jun/2020:14:20:00,https://wheebox.com/static/tempFiles/upload_doc_10/Jun/2020:14:20:00,407,,,00
2019TM06332,TECH MAHINDRA,TM06-2019,CSE,CSETMZG503,10/Jun/2020:14:20:00,https://wheebox.com/static/tempFiles/upload_doc_10/Jun/2020:14:20:00,407,,,00
2019TM06333,TECH MAHINDRA,TM06-2019,CSE,CSETMZG503,10/Jun/2020:14:20:00,https://wheebox.com/static/tempFiles/upload_doc_10/Jun/2020:14:20:00,408,,,00
2019TM06334,TECH MAHINDRA,TM06-2019,CSE,CSETMZG503,10/Jun/2020:14:20:00,https://wheebox.com/static/tempFiles/upload_doc_10/Jun/2020:14:20:00,407,,,00
2019TM06335,TECH MAHINDRA,TM06-2019,CSE,CSETMZG503,10/Jun/2020:14:20:02,https://wheebox.com/static/tempFiles/upload_doc_10/Jun/2020:14:20:02,408,,,02
2019TM06336,TECH MAHINDRA,TM06-2019,CSE,CSETMZG503,10/Jun/2020:14:20:03,https://wheebox.com/static/tempFiles/upload_doc_10/Jun/2020:14:20:03,408,,,03
2019TM06337,TECH MAHINDRA,TM06-2019,CSE,CSETMZG503,10/Jun/2020:14:20:03,https://wheebox.com/static/tempFiles/upload_doc_10/Jun/2020:14:20:03,407,,,03
2019TM06338,TECH MAHINDRA,TM06-2019,CSE,CSETMZG503,10/Jun/2020:14:20:05,https://wheebox.com/static/tempFiles/upload_doc_10/Jun/2020:14:20:05,407,,,05
2019TM06339,TECH MAHINDRA,TM06-2019,CSE,CSETMZG503,10/Jun/2020:14:20:07,https://wilp.wheebox.com/WET-2/homeV2.obj,403,,,07
2019TM06340,TECH MAHINDRA,TM06-2019,CSE,CSETMZG503,10/Jun/2020:14:20:09,https://wilp.wheebox.com/WET-2/homeV2.obj,403,,,09
2019TM06341,TECH MAHINDRA,TM06-2019,CSE,CSETMZG503,10/Jun/2020:14:20:11,https://wilp.wheebox.com/WET-2/homeV2.obj,409,,,11
2019TM06342,TECH MAHINDRA,TM06-2019,CSE,CSETMZG503,10/Jun/2020:14:20:13,https://wilp.wheebox.com/WET-2/homeV2.obj,409,,,13
2019TM06343,TECH MAHINDRA,TM06-2019,CSE,CSETMZG503,10/Jun/2020:14:20:15,https://wilp.wheebox.com/WET-2/homeV2.obj,405,,,15
