Username,company_name,Domain,Stream,Testname,log_timestamp,Hostname,Statuscode,Duration_min
2018AV04501,AVAYA,AV04-2018,DSE,DSEAVZG521,03/Oct/2020:10:05:05,https://wilp.wheebox.com/LOGIN-2/wilp.jsp,401,5.5
2018AV04502,AVAYA,AV04-2018,DSE,DSEAVZG521,03/Oct/2020:10:05:08,https://wilp.wheebox.com/LOGIN-2/wilp.jsp,402,8.8
2018AV04503,AVAYA,AV04-2018,DSE,DSEAVZG521,03/Oct/2020:10:05:11,https://wilp.wheebox.com/WET-2/homeV2.obj,402,2.1
2018AV04504,AVAYA,AV04-2018,DSE,DSEAVZG521,03/Oct/2020:10:05:14,https://wilp.wheebox.com/WET-2/homeV2.obj,403,5.4
2018AV04505,AVAYA,AV04-2018,DSE,DSEAVZG521,03/Oct/2020:10:05:17,https://wilp.wheebox.com/WET-2/homeV2.obj,404,8.7
2018AV04506,AVAYA,AV04-2018,DSE,DSEAVZG524,10/Oct/2020:14:20:20,https://wilp.wheebox.com/WET-2/homeV2.obj,403,2
2018AV04507,AVAYA,AV04-2018,DSE,DSEAVZG524,10/Oct/2020:14:20:23,https://wilp.wheebox.com/WAT-3/login,401,5.3
2018AV04508,AVAYA,AV04-2018,DSE,DSEAVZG524,10/Oct/2020:14:20:26,https://wilp.wheebox.com/WAT-3/login,402,8.6
2018AV04509,AVAYA,AV04-2018,DSE,DSEAVZG524,10/Oct/2020:14:20:29,https://wilp.wheebox.com/WAT-3/login,402,11.9
2018AV04510,AVAYA,AV04-2018,DSE,DSEAVZG524,10/Oct/2020:14:20:32,https://wheebox.com/static/tempFiles/upload_doc_10/Oct/2020:14:20:32,408,5.2
2018AV04511,AVAYA,AV04-2018,DSE,DSEAVZG524,10/Oct/2020:14:20:35,https://wheebox.com/static/tempFiles/upload_doc_10/Oct/2020:14:20:35,407,8.5
2018AV04512,AVAYA,AV04-2018,DSE,DSEAVZG524,10/Oct/2020:14:20:38,https://wheebox.com/static/tempFiles/upload_doc_10/Oct/2020:14:20:38,407,11.8
2018AV04513,AVAYA,AV04-2018,DSE,DSEAVZG524,10/Oct/2020:14:20:41,https://wheebox.com/static/tempFiles/upload_doc_10/Oct/2020:14:20:41,408,5.1
2018AV04514,AVAYA,AV04-2018,DSE,DSEAVZG524,10/Oct/2020:14:20:44,https://wilp.wheebox.com/LOGIN-2/wilp.jsp,401,8.4
2018AV04515,AVAYA,AV04-2018,DSE,DSEAVZG524,10/Oct/2020:14:20:47,https://wilp.wheebox.com/LOGIN-2/wilp.jsp,401,11.7
2018AV04516,AVAYA,AV04-2018,DSE,DSEAVZG524,10/Oct/2020:14:20:50,https://wilp.wheebox.com/LOGIN-2/wilp.jsp,401,5
2018AV04517,AVAYA,AV04-2018,DSE,DSEAVZG522,03/Oct/2020:14:20:53,https://wilp.wheebox.com/WET-2/homeV2.obj,403,8.3
2018AV04518,AVAYA,AV04-2018,DSE,DSEAVZG522,03/Oct/2020:14:20:56,https://wilp.wheebox.com/WET-2/homeV2.obj,403,11.6
2018AV04519,AVAYA,AV04-2018,DSE,DSEAVZG522,03/Oct/2020:14:20:59,https://wilp.wheebox.com/WET-2/homeV2.obj,404,14.9
2018AV04520,AVAYA,AV04-2018,DSE,DSEAVZG522,03/Oct/2020:14:20:03,https://wilp.wheebox.com/WET-2/homeV2.obj,405,3.3
2018AV04521,AVAYA,AV04-2018,DSE,DSEAVZG522,03/Oct/2020:14:20:06,https://wilp.wheebox.com/WET-2/homeV2.obj,405,6.6
2018AV04522,AVAYA,AV04-2018,DSE,DSEAVZG522,03/Oct/2020:14:20:09,https://wilp.wheebox.com/WET-2/homeV2.obj,405,9.9
2018AV04523,AVAYA,AV04-2018,DSE,DSEAVZG522,03/Oct/2020:14:20:12,https://wilp.wheebox.com/LOGIN-2/wilp.jsp,401,3.2
2018AV04524,AVAYA,AV04-2018,DSE,DSEAVZG522,03/Oct/2020:14:20:15,https://wilp.wheebox.com/LOGIN-2/wilp.jsp,402,6.5
2018AV04525,AVAYA,AV04-2018,DSE,DSEAVZG522,03/Oct/2020:14:20:18,https://wilp.wheebox.com/LOGIN-2/wilp.jsp,401,9.8
2018AV04526,AVAYA,AV04-2018,DSE,DSEAVZG522,03/Oct/2020:14:20:21,https://wilp.wheebox.com/LOGIN-2/wilp.jsp,402,3.1
2018AV04527,AVAYA,AV04-2018,DSE,DSEAVZG522,03/Oct/2020:14:20:24,https://wilp.wheebox.com/LOGIN-2/wilp.jsp,402,6.4
2018AV04528,AVAYA,AV04-2018,DSE,DSEAVZG522,03/Oct/2020:14:20:27,https://wilp.wheebox.com/LOGIN-2/wilp.jsp,402,9.7
2018AV04529,AVAYA,AV04-2018,DSE,DSEAVZG523,10/Oct/2020:10:05:30,https://wilp.wheebox.com/LOGIN-2/wilp.jsp,401,3
2018AV04530,AVAYA,AV04-2018,DSE,DSEAVZG523,10/Oct/2020:10:05:33,https://wilp.wheebox.com/LOGIN-2/wilp.jsp,402,6.3
2018AV04531,AVAYA,AV04-2018,DSE,DSEAVZG523,10/Oct/2020:10:05:36,https://wilp.wheebox.com/LOGIN-2/wilp.jsp,401,9.6
2018AV04532,AVAYA,AV04-2018,DSE,DSEAVZG523,10/Oct/2020:10:05:39,https://wilp.wheebox.com/WAT-3/login,401,12.9
2018AV04533,AVAYA,AV04-2018,DSE,DSEAVZG523,10/Oct/2020:10:05:42,https://wilp.wheebox.com/WAT-3/login,401,6.2
2018AV04534,AVAYA,AV04-2018,DSE,DSEAVZG523,10/Oct/2020:10:05:45,https://wilp.wheebox.com/WAT-3/login,401,9.5
2018AV04535,AVAYA,AV04-2018,DSE,DSEAVZG523,10/Oct/2020:10:05:48,https://wilp.wheebox.com/WAT-3/login,401,12.8
2018WP04501,WIPRO,WP04-2018,DSE,DSEWPZG521,03/Oct/2020:10:05:51,https://wilp.wheebox.com/LOGIN-2/wilp.jsp,401,6.1
2018WP04502,WIPRO,WP04-2018,DSE,DSEWPZG521,03/Oct/2020:10:05:54,https://wilp.wheebox.com/LOGIN-2/wilp.jsp,402,9.4
2018WP04503,WIPRO,WP04-2018,DSE,DSEWPZG521,03/Oct/2020:10:05:57,https://wilp.wheebox.com/LOGIN-2/wilp.jsp,402,12.7
2018WP04504,WIPRO,WP04-2018,DSE,DSEWPZG521,03/Oct/2020:10:05:01,https://wilp.wheebox.com/LOGIN-2/wilp.jsp,402,1.1
2018WP04505,WIPRO,WP04-2018,DSE,DSEWPZG521,03/Oct/2020:10:05:04,https://wilp.wheebox.com/LOGIN-2/wilp.jsp,402,4.4
2018WP04506,WIPRO,WP04-2018,DSE,DSEWPZG521,03/Oct/2020:10:05:07,https://wilp.wheebox.com/LOGIN-2/wilp.jsp,401,7.7
2018WP04507,WIPRO,WP04-2018,DSE,DSEWPZG521,03/Oct/2020:10:05:10,https://wilp.wheebox.com/WET-2/homeV2.obj,405,1
2018WP04508,WIPRO,WP04-2018,DSE,DSEWPZG521,03/Oct/2020:10:05:13,https://wilp.wheebox.com/WET-2/homeV2.obj,409,4.3
2018WP04509,WIPRO,WP04-2018,DSE,DSEWPZG521,03/Oct/2020:10:05:16,https://wilp.wheebox.com/WET-2/homeV2.obj,405,7.6
2018WP04510,WIPRO,WP04-2018,DSE,DSEWPZG521,03/Oct/2020:10:05:19,https://wilp.wheebox.com/WET-2/homeV2.obj,406,10.9
2018WP04511,WIPRO,WP04-2018,DSE,DSEWPZG521,03/Oct/2020:10:05:22,https://wilp.wheebox.com/WET-2/homeV2.obj,406,4.2
2018WP04512,WIPRO,WP04-2018,DSE,DSEWPZG521,03/Oct/2020:10:05:25,https://wilp.wheebox.com/WET-2/homeV2.obj,405,7.5
2018WP04513,WIPRO,WP04-2018,DSE,DSEWPZG521,03/Oct/2020:10:05:28,https://wilp.wheebox.com/WET-2/homeV2.obj,406,10.8
2018WP04514,WIPRO,WP04-2018,DSE,DSEWPZG521,03/Oct/2020:10:05:31,https://wilp.wheebox.com/WET-2/homeV2.obj,406,4.1
2018WP04515,WIPRO,WP04-2018,DSE,DSEWPZG521,03/Oct/2020:10:05:34,https://wilp.wheebox.com/WET-2/homeV2.obj,404,7.4
2018WP04516,WIPRO,WP04-2018,DSE,DSEWPZG521,03/Oct/2020:10:05:37,https://wilp.wheebox.com/WET-2/homeV2.obj,406,10.7
2018WP04517,WIPRO,WP04-2018,DSE,DSEWPZG521,03/Oct/2020:10:05:40,https://wilp.wheebox.com/WET-2/homeV2.obj,405,4
2018WP04518,WIPRO,WP04-2018,DSE,DSEWPZG521,03/Oct/2020:10:05:43,https://wilp.wheebox.com/WET-2/homeV2.obj,405,7.3
2018WP04519,WIPRO,WP04-2018,DSE,DSEWPZG521,03/Oct/2020:10:05:46,https://wilp.wheebox.com/WET-2/homeV2.obj,405,10.6
2018WP04520,WIPRO,WP04-2018,DSE,DSEWPZG523,10/Oct/2020:10:05:49,https://wilp.wheebox.com/WET-2/homeV2.obj,409,13.9
2018WP04521,WIPRO,WP04-2018,DSE,DSEWPZG523,10/Oct/2020:10:05:52,https://wilp.wheebox.com/LOGIN-2/wilp.jsp,401,7.2
2018WP04522,WIPRO,WP04-2018,DSE,DSEWPZG523,10/Oct/2020:10:05:55,https://wilp.wheebox.com/LOGIN-2/wilp.jsp,402,10.5
2018WP04523,WIPRO,WP04-2018,DSE,DSEWPZG523,10/Oct/2020:10:05:58,https://wilp.wheebox.com/LOGIN-2/wilp.jsp,402,13.8
2018WP04524,WIPRO,WP04-2018,DSE,DSEWPZG523,10/Oct/2020:10:05:02,https://wilp.wheebox.com/LOGIN-2/wilp.jsp,402,2.2
2018WP04525,WIPRO,WP04-2018,DSE,DSEWPZG523,10/Oct/2020:10:05:05,https://wilp.wheebox.com/LOGIN-2/wilp.jsp,402,5.5
2018WP04526,WIPRO,WP04-2018,DSE,DSEWPZG523,10/Oct/2020:10:05:08,https://wilp.wheebox.com/LOGIN-2/wilp.jsp,401,8.8
2018WP04527,WIPRO,WP04-2018,DSE,DSEWPZG523,10/Oct/2020:10:05:11,https://wilp.wheebox.com/LOGIN-2/wilp.jsp,401,2.1
2018WP04528,WIPRO,WP04-2018,DSE,DSEWPZG523,10/Oct/2020:10:05:14,https://wilp.wheebox.com/LOGIN-2/wilp.jsp,401,5.4
2018WP04529,WIPRO,WP04-2018,DSE,DSEWPZG523,10/Oct/2020:10:05:17,https://wilp.wheebox.com/LOGIN-2/wilp.jsp,401,8.7
2018WP04530,WIPRO,WP04-2018,DSE,DSEWPZG522,03/Oct/2020:14:20:20,https://wilp.wheebox.com/WAT-3/login,402,2
2018WP04531,WIPRO,WP04-2018,DSE,DSEWPZG522,03/Oct/2020:14:20:23,https://wilp.wheebox.com/WAT-3/login,402,5.3
2018WP04532,WIPRO,WP04-2018,DSE,DSEWPZG522,03/Oct/2020:14:20:26,https://wilp.wheebox.com/WAT-3/login,402,8.6
2018WP04533,WIPRO,WP04-2018,DSE,DSEWPZG522,03/Oct/2020:14:20:29,https://wilp.wheebox.com/WAT-3/login,402,11.9
2018WP04534,WIPRO,WP04-2018,DSE,DSEWPZG522,03/Oct/2020:14:20:32,https://wilp.wheebox.com/WAT-3/login,402,5.2
2018WP04535,WIPRO,WP04-2018,DSE,DSEWPZG522,03/Oct/2020:14:20:35,https://wilp.wheebox.com/WAT-3/login,402,8.5
2018WP04536,WIPRO,WP04-2018,DSE,DSEWPZG522,03/Oct/2020:14:20:38,https://wilp.wheebox.com/WAT-3/login,402,11.8
2018WP04537,WIPRO,WP04-2018,DSE,DSEWPZG522,03/Oct/2020:14:20:41,https://wilp.wheebox.com/WAT-3/login,402,5.1
2018WP04538,WIPRO,WP04-2018,DSE,DSEWPZG522,03/Oct/2020:14:20:44,https://wilp.wheebox.com/WAT-3/login,402,8.4
2018WP04539,WIPRO,WP04-2018,DSE,DSEWPZG522,03/Oct/2020:14:20:47,https://wilp.wheebox.com/WAT-3/login,402,11.7
2018WP04540,WIPRO,WP04-2018,DSE,DSEWPZG522,03/Oct/2020:14:20:50,https://wilp.wheebox.com/WAT-3/login,402,5
2018WP04541,WIPRO,WP04-2018,DSE,DSEWPZG522,03/Oct/2020:14:20:53,https://wilp.wheebox.com/LOGIN-2/wilp.jsp,402,8.3
2018WP04542,WIPRO,WP04-2018,DSE,DSEWPZG521,03/Oct/2020:10:05:56,https://wilp.wheebox.com/LOGIN-2/wilp.jsp,402,11.6
2018WP04543,WIPRO,WP04-2018,DSE,DSEWPZG521,03/Oct/2020:10:05:59,https://wilp.wheebox.com/LOGIN-2/wilp.jsp,402,14.9
2018WP04544,WIPRO,WP04-2018,DSE,DSEWPZG524,10/Oct/2020:14:20:04,https://wilp.wheebox.com/LOGIN-2/wilp.jsp,401,4.4
2018WP04545,WIPRO,WP04-2018,DSE,DSEWPZG524,10/Oct/2020:14:20:07,https://wilp.wheebox.com/LOGIN-2/wilp.jsp,401,7.7
2018WP04546,WIPRO,WP04-2018,DSE,DSEWPZG524,10/Oct/2020:14:20:10,https://wilp.wheebox.com/LOGIN-2/wilp.jsp,401,1
2018WP04547,WIPRO,WP04-2018,DSE,DSEWPZG524,10/Oct/2020:14:20:13,https://wilp.wheebox.com/LOGIN-2/wilp.jsp,401,4.3
2018WP04548,WIPRO,WP04-2018,DSE,DSEWPZG524,10/Oct/2020:14:20:16,https://wilp.wheebox.com/LOGIN-2/wilp.jsp,402,7.6
2018WP04549,WIPRO,WP04-2018,DSE,DSEWPZG524,10/Oct/2020:14:20:19,https://wilp.wheebox.com/LOGIN-2/wilp.jsp,401,10.9
2018WP04550,WIPRO,WP04-2018,DSE,DSEWPZG524,10/Oct/2020:14:20:22,https://wilp.wheebox.com/LOGIN-2/wilp.jsp,401,4.2
2018WP04551,WIPRO,WP04-2018,DSE,DSEWPZG524,10/Oct/2020:14:20:25,https://wilp.wheebox.com/LOGIN-2/wilp.jsp,401,7.5
2018WP04552,WIPRO,WP04-2018,DSE,DSEWPZG524,10/Oct/2020:14:20:28,https://wilp.wheebox.com/LOGIN-2/wilp.jsp,401,10.8
2018WP04553,WIPRO,WP04-2018,DSE,DSEWPZG524,10/Oct/2020:14:20:31,https://wilp.wheebox.com/LOGIN-2/wilp.jsp,402,4.1
2018WP04554,WIPRO,WP04-2018,DSE,DSEWPZG524,10/Oct/2020:14:20:34,https://wheebox.com/static/tempFiles/upload_doc_10/Oct/2020:14:20:34,407,7.4
2018WP04555,WIPRO,WP04-2018,DSE,DSEWPZG524,10/Oct/2020:14:20:37,https://wheebox.com/static/tempFiles/upload_doc_10/Oct/2020:14:20:37,408,10.7
2018WP04556,WIPRO,WP04-2018,DSE,DSEWPZG524,10/Oct/2020:14:20:40,https://wheebox.com/static/tempFiles/upload_doc_10/Oct/2020:14:20:40,408,4
2018WP04557,WIPRO,WP04-2018,DSE,DSEWPZG524,10/Oct/2020:14:20:43,https://wheebox.com/static/tempFiles/upload_doc_10/Oct/2020:14:20:43,407,7.3
2018WP04558,WIPRO,WP04-2018,DSE,DSEWPZG524,10/Oct/2020:14:20:46,https://wheebox.com/static/tempFiles/upload_doc_10/Oct/2020:14:20:46,407,10.6
2018WP04559,WIPRO,WP04-2018,DSE,DSEWPZG524,10/Oct/2020:14:20:49,https://wheebox.com/static/tempFiles/upload_doc_10/Oct/2020:14:20:49,407,13.9
2018WP04560,WIPRO,WP04-2018,DSE,DSEWPZG524,10/Oct/2020:14:20:52,https://wheebox.com/static/tempFiles/upload_doc_10/Oct/2020:14:20:52,407,7.2
2018WP04561,WIPRO,WP04-2018,DSE,DSEWPZG524,10/Oct/2020:14:20:55,https://wheebox.com/static/tempFiles/upload_doc_10/Oct/2020:14:20:55,408,10.5
2018WP04562,WIPRO,WP04-2018,DSE,DSEWPZG524,10/Oct/2020:14:20:58,https://wheebox.com/static/tempFiles/upload_doc_10/Oct/2020:14:20:58,408,13.8
2018WP04563,WIPRO,WP04-2018,DSE,DSEWPZG524,10/Oct/2020:14:20:00,https://wheebox.com/static/tempFiles/upload_doc_10/Oct/2020:14:20:00,408,0
2018WP04564,WIPRO,WP04-2018,DSE,DSEWPZG524,10/Oct/2020:14:20:04,https://wheebox.com/static/tempFiles/upload_doc_10/Oct/2020:14:20:04,407,4.4
2018WP04565,WIPRO,WP04-2018,DSE,DSEWPZG524,10/Oct/2020:14:20:08,https://wheebox.com/static/tempFiles/upload_doc_10/Oct/2020:14:20:08,407,8.8
2018WP04566,WIPRO,WP04-2018,DSE,DSEWPZG524,10/Oct/2020:14:20:12,https://wheebox.com/static/tempFiles/upload_doc_10/Oct/2020:14:20:12,407,3.2
2018WP04567,WIPRO,WP04-2018,DSE,DSEWPZG524,10/Oct/2020:14:20:16,https://wheebox.com/static/tempFiles/upload_doc_10/Oct/2020:14:20:16,407,7.6
2018WP04568,WIPRO,WP04-2018,DSE,DSEWPZG524,10/Oct/2020:14:20:20,https://wheebox.com/static/tempFiles/upload_doc_10/Oct/2020:14:20:20,407,2
2018WP04569,WIPRO,WP04-2018,DSE,DSEWPZG524,10/Oct/2020:14:20:24,https://wheebox.com/static/tempFiles/upload_doc_10/Oct/2020:14:20:24,407,6.4
2018WP04570,WIPRO,WP04-2018,DSE,DSEWPZG524,10/Oct/2020:14:20:28,https://wheebox.com/static/tempFiles/upload_doc_10/Oct/2020:14:20:28,408,10.8
2018WP04571,WIPRO,WP04-2018,DSE,DSEWPZG524,10/Oct/2020:14:20:32,https://wheebox.com/static/tempFiles/upload_doc_10/Oct/2020:14:20:32,407,5.2
2018WP04572,WIPRO,WP04-2018,DSE,DSEWPZG524,10/Oct/2020:14:20:36,https://wilp.wheebox.com/LOGIN-2/wilp.jsp,402,9.6
2018WP04573,WIPRO,WP04-2018,DSE,DSEWPZG524,10/Oct/2020:14:20:40,https://wilp.wheebox.com/LOGIN-2/wilp.jsp,402,4
2018WP04574,WIPRO,WP04-2018,DSE,DSEWPZG524,10/Oct/2020:14:20:44,https://wilp.wheebox.com/LOGIN-2/wilp.jsp,401,8.4
2018WP04575,WIPRO,WP04-2018,DSE,DSEWPZG524,10/Oct/2020:14:20:48,https://wilp.wheebox.com/LOGIN-2/wilp.jsp,401,12.8
2018WP04576,WIPRO,WP04-2018,DSE,DSEWPZG524,10/Oct/2020:14:20:52,https://wilp.wheebox.com/LOGIN-2/wilp.jsp,401,7.2
2018WP04577,WIPRO,WP04-2018,DSE,DSEWPZG524,10/Oct/2020:14:20:56,https://wilp.wheebox.com/LOGIN-2/wilp.jsp,401,11.6
2018WP04578,WIPRO,WP04-2018,DSE,DSEWPZG524,10/Oct/2020:14:20:01,https://wilp.wheebox.com/LOGIN-2/wilp.jsp,401,1.1
2018WP04579,WIPRO,WP04-2018,DSE,DSEWPZG524,10/Oct/2020:14:20:04,https://wilp.wheebox.com/LOGIN-2/wilp.jsp,401,4.4
2018WP04580,WIPRO,WP04-2018,DSE,DSEWPZG524,10/Oct/2020:14:20:07,https://wilp.wheebox.com/LOGIN-2/wilp.jsp,401,7.7
2018WP04581,WIPRO,WP04-2018,DSE,DSEWPZG524,10/Oct/2020:14:20:10,https://wheebox.com/static/tempFiles/upload_doc_10/Oct/2020:14:20:10,407,1
2018WP04582,WIPRO,WP04-2018,DSE,DSEWPZG524,10/Oct/2020:14:20:13,https://wheebox.com/static/tempFiles/upload_doc_10/Oct/2020:14:20:13,407,4.3
2018WP04583,WIPRO,WP04-2018,DSE,DSEWPZG524,10/Oct/2020:14:20:16,https://wheebox.com/static/tempFiles/upload_doc_10/Oct/2020:14:20:16,407,7.6
2018WP04584,WIPRO,WP04-2018,DSE,DSEWPZG524,10/Oct/2020:14:20:19,https://wheebox.com/static/tempFiles/upload_doc_10/Oct/2020:14:20:19,407,10.9
2018WP04585,WIPRO,WP04-2018,DSE,DSEWPZG524,10/Oct/2020:14:20:22,https://wheebox.com/static/tempFiles/upload_doc_10/Oct/2020:14:20:22,408,4.2
2018WP04586,WIPRO,WP04-2018,DSE,DSEWPZG524,10/Oct/2020:14:20:25,https://wheebox.com/static/tempFiles/upload_doc_10/Oct/2020:14:20:25,408,7.5
2018WP04587,WIPRO,WP04-2018,DSE,DSEWPZG524,10/Oct/2020:14:20:28,https://wheebox.com/static/tempFiles/upload_doc_10/Oct/2020:14:20:28,407,10.8
2018WP04588,WIPRO,WP04-2018,DSE,DSEWPZG524,10/Oct/2020:14:20:31,https://wheebox.com/static/tempFiles/upload_doc_10/Oct/2020:14:20:31,407,4.1
2018WP04589,WIPRO,WP04-2018,DSE,DSEWPZG524,10/Oct/2020:14:20:34,https://wheebox.com/static/tempFiles/upload_doc_10/Oct/2020:14:20:34,408,7.4
2018WP04590,WIPRO,WP04-2018,DSE,DSEWPZG523,10/Oct/2020:10:05:37,https://wheebox.com/static/tempFiles/upload_doc_10/Oct/2020:10:05:37,408,10.7
2018WP04591,WIPRO,WP04-2018,DSE,DSEWPZG523,10/Oct/2020:10:05:40,https://wheebox.com/static/tempFiles/upload_doc_10/Oct/2020:10:05:40,408,4
2018WP04592,WIPRO,WP04-2018,DSE,DSEWPZG523,10/Oct/2020:10:05:43,https://wilp.wheebox.com/LOGIN-2/wilp.jsp,402,7.3
2018WP04593,WIPRO,WP04-2018,DSE,DSEWPZG523,10/Oct/2020:10:05:46,https://wilp.wheebox.com/LOGIN-2/wilp.jsp,402,10.6
2018WP04594,WIPRO,WP04-2018,DSE,DSEWPZG523,10/Oct/2020:10:05:49,https://wilp.wheebox.com/LOGIN-2/wilp.jsp,402,13.9
2018WP04595,WIPRO,WP04-2018,DSE,DSEWPZG523,10/Oct/2020:10:05:52,https://wilp.wheebox.com/LOGIN-2/wilp.jsp,402,7.2
2018WP04596,WIPRO,WP04-2018,DSE,DSEWPZG523,10/Oct/2020:10:05:55,https://wilp.wheebox.com/LOGIN-2/wilp.jsp,402,10.5
2018WP04597,WIPRO,WP04-2018,DSE,DSEWPZG523,10/Oct/2020:10:05:58,https://wilp.wheebox.com/LOGIN-2/wilp.jsp,401,13.8
2018WP04598,WIPRO,WP04-2018,DSE,DSEWPZG523,10/Oct/2020:10:05:02,https://wilp.wheebox.com/LOGIN-2/wilp.jsp,402,2.2
2018WP04599,WIPRO,WP04-2018,DSE,DSEWPZG523,10/Oct/2020:10:05:05,https://wilp.wheebox.com/LOGIN-2/wilp.jsp,401,5.5
2018WP04600,WIPRO,WP04-2018,DSE,DSEWPZG523,10/Oct/2020:10:05:08,https://wilp.wheebox.com/LOGIN-2/wilp.jsp,402,8.8
2018WP04601,WIPRO,WP04-2018,DSE,DSEWPZG523,10/Oct/2020:10:05:11,https://wilp.wheebox.com/LOGIN-2/wilp.jsp,401,2.1
2018WP04602,WIPRO,WP04-2018,DSE,DSEWPZG523,10/Oct/2020:10:05:14,https://wilp.wheebox.com/LOGIN-2/wilp.jsp,402,5.4
2018WP04603,WIPRO,WP04-2018,DSE,DSEWPZG523,10/Oct/2020:10:05:17,https://wilp.wheebox.com/LOGIN-2/wilp.jsp,401,8.7
2018WP04604,WIPRO,WP04-2018,DSE,DSEWPZG523,10/Oct/2020:10:05:20,https://wilp.wheebox.com/LOGIN-2/wilp.jsp,402,2
2018GE09601,GE,GE09-2018,CSE,CSEGEZG501,03/Jun/2020:10:05:23,https://wilp.wheebox.com/WET-2/homeV2.obj,406,5.3
2018GE09602,GE,GE09-2018,CSE,CSEGEZG501,03/Jun/2020:10:05:26,https://wilp.wheebox.com/WET-2/homeV2.obj,409,8.6
2018GE09603,GE,GE09-2018,CSE,CSEGEZG501,03/Jun/2020:10:05:29,https://wilp.wheebox.com/WET-2/homeV2.obj,409,11.9
2018GE09604,GE,GE09-2018,CSE,CSEGEZG501,03/Jun/2020:10:05:32,https://wilp.wheebox.com/WET-2/homeV2.obj,409,5.2
2018GE09605,GE,GE09-2018,CSE,CSEGEZG501,03/Jun/2020:10:05:35,https://wilp.wheebox.com/WET-2/homeV2.obj,409,8.5
2018GE09606,GE,GE09-2018,CSE,CSEGEZG501,03/Jun/2020:10:05:38,https://wilp.wheebox.com/WET-2/homeV2.obj,403,11.8
2018GE09607,GE,GE09-2018,CSE,CSEGEZG501,03/Jun/2020:10:05:41,https://wilp.wheebox.com/WET-2/homeV2.obj,403,5.1
2018GE09608,GE,GE09-2018,CSE,CSEGEZG501,03/Jun/2020:10:05:44,https://wilp.wheebox.com/WET-2/homeV2.obj,404,8.4
2018GE09609,GE,GE09-2018,CSE,CSEGEZG501,03/Jun/2020:10:05:47,https://wilp.wheebox.com/WET-2/homeV2.obj,406,11.7
2018GE09610,GE,GE09-2018,CSE,CSEGEZG501,03/Jun/2020:10:05:50,https://wilp.wheebox.com/WET-2/homeV2.obj,403,5
2018GE09611,GE,GE09-2018,CSE,CSEGEZG501,03/Jun/2020:10:05:53,https://wilp.wheebox.com/LOGIN-2/wilp.jsp,402,8.3
2018GE09612,GE,GE09-2018,CSE,CSEGEZG503,10/Jun/2020:10:05:56,https://wilp.wheebox.com/LOGIN-2/wilp.jsp,402,11.6
2018GE09613,GE,GE09-2018,CSE,CSEGEZG504,10/Jun/2020:14:20:59,https://wilp.wheebox.com/LOGIN-2/wilp.jsp,402,14.9
2018GE09614,GE,GE09-2018,CSE,CSEGEZG504,10/Jun/2020:14:20:03,https://wilp.wheebox.com/LOGIN-2/wilp.jsp,402,3.3
2018GE09615,GE,GE09-2018,CSE,CSEGEZG504,10/Jun/2020:14:20:06,https://wheebox.com/static/tempFiles/upload_doc_10/Jun/2020:14:20:06,407,6.6
2018GE09616,GE,GE09-2018,CSE,CSEGEZG504,10/Jun/2020:14:20:09,https://wheebox.com/static/tempFiles/upload_doc_10/Jun/2020:14:20:09,407,9.9
2018GE09617,GE,GE09-2018,CSE,CSEGEZG504,10/Jun/2020:14:20:12,https://wheebox.com/static/tempFiles/upload_doc_10/Jun/2020:14:20:12,408,3.2
2018GE09618,GE,GE09-2018,CSE,CSEGEZG503,10/Jun/2020:10:05:15,https://wheebox.com/static/tempFiles/upload_doc_10/Jun/2020:10:05:15,408,6.5
2018GE09619,GE,GE09-2018,CSE,CSEGEZG503,10/Jun/2020:10:05:18,https://wheebox.com/static/tempFiles/upload_doc_10/Jun/2020:10:05:18,408,9.8
2018GE09620,GE,GE09-2018,CSE,CSEGEZG503,10/Jun/2020:10:05:21,https://wheebox.com/static/tempFiles/upload_doc_10/Jun/2020:10:05:21,407,3.1
2018GE09621,GE,GE09-2018,CSE,CSEGEZG503,10/Jun/2020:10:05:24,https://wheebox.com/static/tempFiles/upload_doc_10/Jun/2020:10:05:24,407,6.4
2018GE09622,GE,GE09-2018,CSE,CSEGEZG502,03/Jun/2020:14:20:27,https://wheebox.com/static/tempFiles/upload_doc_03/Jun/2020:14:20:27,407,9.7
2018GE09623,GE,GE09-2018,CSE,CSEGEZG502,03/Jun/2020:14:20:30,https://wilp.wheebox.com/LOGIN-2/wilp.jsp,401,3
2018GE09624,GE,GE09-2018,CSE,CSEGEZG502,03/Jun/2020:14:20:33,https://wilp.wheebox.com/LOGIN-2/wilp.jsp,401,6.3
2018GE09625,GE,GE09-2018,CSE,CSEGEZG502,03/Jun/2020:14:20:36,https://wilp.wheebox.com/LOGIN-2/wilp.jsp,401,9.6
2018GE09626,GE,GE09-2018,CSE,CSEGEZG502,03/Jun/2020:14:20:39,https://wilp.wheebox.com/LOGIN-2/wilp.jsp,401,12.9
2018GE09627,GE,GE09-2018,CSE,CSEGEZG502,03/Jun/2020:14:20:42,https://wilp.wheebox.com/LOGIN-2/wilp.jsp,401,6.2
2018GE09628,GE,GE09-2018,CSE,CSEGEZG502,03/Jun/2020:14:20:45,https://wilp.wheebox.com/LOGIN-2/wilp.jsp,401,9.5
2018GE09629,GE,GE09-2018,CSE,CSEGEZG502,03/Jun/2020:14:20:48,https://wilp.wheebox.com/WET-2/homeV2.obj,403,12.8
2018GE09630,GE,GE09-2018,CSE,CSEGEZG502,03/Jun/2020:14:20:51,https://wilp.wheebox.com/WET-2/homeV2.obj,406,6.1
2018GE09631,GE,GE09-2018,CSE,CSEGEZG502,03/Jun/2020:14:20:54,https://wilp.wheebox.com/WET-2/homeV2.obj,406,9.4
2018GE09632,GE,GE09-2018,CSE,CSEGEZG502,03/Jun/2020:14:20:57,https://wilp.wheebox.com/WET-2/homeV2.obj,405,12.7
2018GE09633,GE,GE09-2018,CSE,CSEGEZG502,03/Jun/2020:14:20:01,https://wilp.wheebox.com/WET-2/homeV2.obj,405,1.1
2018GE09634,GE,GE09-2018,CSE,CSEGEZG502,03/Jun/2020:14:20:05,https://wilp.wheebox.com/WET-2/homeV2.obj,403,5.5
2018GE09635,GE,GE09-2018,CSE,CSEGEZG502,03/Jun/2020:14:20:09,https://wilp.wheebox.com/WET-2/homeV2.obj,404,9.9
2018GE09636,GE,GE09-2018,CSE,CSEGEZG502,03/Jun/2020:14:20:13,https://wilp.wheebox.com/WET-2/homeV2.obj,404,4.3
2018GE09637,GE,GE09-2018,CSE,CSEGEZG502,03/Jun/2020:14:20:17,https://wilp.wheebox.com/WET-2/homeV2.obj,405,8.7
2018GE09638,GE,GE09-2018,CSE,CSEGEZG502,03/Jun/2020:14:20:21,https://wilp.wheebox.com/WET-2/homeV2.obj,404,3.1
2018GE09639,GE,GE09-2018,CSE,CSEGEZG502,03/Jun/2020:14:20:25,https://wilp.wheebox.com/WET-2/homeV2.obj,403,7.5
2018GE09640,GE,GE09-2018,CSE,CSEGEZG502,03/Jun/2020:14:20:29,https://wilp.wheebox.com/LOGIN-2/wilp.jsp,401,11.9
2018GE09641,GE,GE09-2018,CSE,CSEGEZG502,03/Jun/2020:14:20:33,https://wilp.wheebox.com/LOGIN-2/wilp.jsp,401,6.3
2018GE09642,GE,GE09-2018,CSE,CSEGEZG502,03/Jun/2020:14:20:37,https://wilp.wheebox.com/LOGIN-2/wilp.jsp,402,10.7
2018GE09643,GE,GE09-2018,CSE,CSEGEZG502,03/Jun/2020:14:20:41,https://wilp.wheebox.com/LOGIN-2/wilp.jsp,402,5.1
2018GE09644,GE,GE09-2018,CSE,CSEGEZG502,03/Jun/2020:14:20:45,https://wilp.wheebox.com/LOGIN-2/wilp.jsp,402,9.5
2018GE09645,GE,GE09-2018,CSE,CSEGEZG501,03/Jun/2020:10:05:49,https://wilp.wheebox.com/LOGIN-2/wilp.jsp,402,13.9
2018GE09646,GE,GE09-2018,CSE,CSEGEZG501,03/Jun/2020:10:05:53,https://wilp.wheebox.com/LOGIN-2/wilp.jsp,402,8.3
2018GE09647,GE,GE09-2018,CSE,CSEGEZG501,03/Jun/2020:10:05:57,https://wilp.wheebox.com/LOGIN-2/wilp.jsp,402,12.7
2018GE09648,GE,GE09-2018,CSE,CSEGEZG501,03/Jun/2020:10:05:03,https://wilp.wheebox.com/WAT-3/login,401,3.3
2018GE09649,GE,GE09-2018,CSE,CSEGEZG501,03/Jun/2020:10:05:08,https://wilp.wheebox.com/WAT-3/login,401,8.8
2018GE09650,GE,GE09-2018,CSE,CSEGEZG501,03/Jun/2020:10:05:13,https://wilp.wheebox.com/WAT-3/login,401,4.3
2018GE09651,GE,GE09-2018,CSE,CSEGEZG501,03/Jun/2020:10:05:18,https://wilp.wheebox.com/WAT-3/login,401,9.8
2018GE09652,GE,GE09-2018,CSE,CSEGEZG501,03/Jun/2020:10:05:23,https://wilp.wheebox.com/WAT-3/login,401,5.3
2018GE09653,GE,GE09-2018,CSE,CSEGEZG501,03/Jun/2020:10:05:28,https://wilp.wheebox.com/WAT-3/login,401,10.8
2018GE09654,GE,GE09-2018,CSE,CSEGEZG501,03/Jun/2020:10:05:33,https://wilp.wheebox.com/WET-2/homeV2.obj,406,6.3
2018GE09655,GE,GE09-2018,CSE,CSEGEZG501,03/Jun/2020:10:05:38,https://wilp.wheebox.com/WET-2/homeV2.obj,403,11.8
2018GE09656,GE,GE09-2018,CSE,CSEGEZG503,10/Jun/2020:10:05:43,https://wilp.wheebox.com/WET-2/homeV2.obj,405,7.3
2018GE09657,GE,GE09-2018,CSE,CSEGEZG503,10/Jun/2020:10:05:48,https://wilp.wheebox.com/WET-2/homeV2.obj,403,12.8
2018GE09658,GE,GE09-2018,CSE,CSEGEZG503,10/Jun/2020:10:05:53,https://wilp.wheebox.com/WET-2/homeV2.obj,409,8.3
2018GE09659,GE,GE09-2018,CSE,CSEGEZG503,10/Jun/2020:10:05:58,https://wilp.wheebox.com/WET-2/homeV2.obj,406,13.8
2018GE09660,GE,GE09-2018,CSE,CSEGEZG503,10/Jun/2020:10:05:01,https://wilp.wheebox.com/WET-2/homeV2.obj,403,1.1
2018GE09661,GE,GE09-2018,CSE,CSEGEZG503,10/Jun/2020:10:05:06,https://wilp.wheebox.com/WET-2/homeV2.obj,403,6.6
2018GE09662,GE,GE09-2018,CSE,CSEGEZG503,10/Jun/2020:10:05:11,https://wilp.wheebox.com/WET-2/homeV2.obj,403,2.1
2018TM12301,TECH MAHINDRA,TM12-2018,DSE,DSETMZG521,03/Oct/2020:10:05:16,https://wilp.wheebox.com/WET-2/homeV2.obj,405,7.6
2018TM12302,TECH MAHINDRA,TM12-2018,DSE,DSETMZG521,03/Oct/2020:10:05:21,https://wilp.wheebox.com/WET-2/homeV2.obj,405,3.1
2018TM12303,TECH MAHINDRA,TM12-2018,DSE,DSETMZG521,03/Oct/2020:10:05:26,https://wheebox.com/static/tempFiles/upload_doc_03/Oct/2020:10:05:26,407,8.6
2018TM12304,TECH MAHINDRA,TM12-2018,DSE,DSETMZG521,03/Oct/2020:10:05:31,https://wheebox.com/static/tempFiles/upload_doc_03/Oct/2020:10:05:31,407,4.1
2018TM12305,TECH MAHINDRA,TM12-2018,DSE,DSETMZG521,03/Oct/2020:10:05:36,https://wheebox.com/static/tempFiles/upload_doc_03/Oct/2020:10:05:36,408,9.6
2018TM12306,TECH MAHINDRA,TM12-2018,DSE,DSETMZG521,03/Oct/2020:10:05:41,https://wheebox.com/static/tempFiles/upload_doc_03/Oct/2020:10:05:41,408,5.1
2018TM12307,TECH MAHINDRA,TM12-2018,DSE,DSETMZG521,03/Oct/2020:10:05:46,https://wheebox.com/static/tempFiles/upload_doc_03/Oct/2020:10:05:46,408,10.6
2018TM12308,TECH MAHINDRA,TM12-2018,DSE,DSETMZG521,03/Oct/2020:10:05:51,https://wheebox.com/static/tempFiles/upload_doc_03/Oct/2020:10:05:51,408,6.1
2018TM12309,TECH MAHINDRA,TM12-2018,DSE,DSETMZG521,03/Oct/2020:10:05:56,https://wheebox.com/static/tempFiles/upload_doc_03/Oct/2020:10:05:56,408,11.6
2018TM12310,TECH MAHINDRA,TM12-2018,DSE,DSETMZG523,10/Oct/2020:10:05:02,https://wheebox.com/static/tempFiles/upload_doc_10/Oct/2020:10:05:02,408,2.2
2018TM12311,TECH MAHINDRA,TM12-2018,DSE,DSETMZG523,10/Oct/2020:10:05:07,https://wheebox.com/static/tempFiles/upload_doc_10/Oct/2020:10:05:07,408,7.7
2018TM12312,TECH MAHINDRA,TM12-2018,DSE,DSETMZG523,10/Oct/2020:10:05:12,https://wheebox.com/static/tempFiles/upload_doc_10/Oct/2020:10:05:12,408,3.2
2018TM12313,TECH MAHINDRA,TM12-2018,DSE,DSETMZG523,10/Oct/2020:10:05:17,https://wilp.wheebox.com/WET-2/homeV2.obj,403,8.7
2018TM12314,TECH MAHINDRA,TM12-2018,DSE,DSETMZG523,10/Oct/2020:10:05:22,https://wilp.wheebox.com/WET-2/homeV2.obj,409,4.2
2018TM12315,TECH MAHINDRA,TM12-2018,DSE,DSETMZG523,10/Oct/2020:10:05:27,https://wilp.wheebox.com/WET-2/homeV2.obj,409,9.7
2018TM12316,TECH MAHINDRA,TM12-2018,DSE,DSETMZG523,10/Oct/2020:10:05:32,https://wilp.wheebox.com/WET-2/homeV2.obj,404,5.2
2018TM12317,TECH MAHINDRA,TM12-2018,DSE,DSETMZG523,10/Oct/2020:10:05:37,https://wilp.wheebox.com/WET-2/homeV2.obj,403,10.7
2018TM12318,TECH MAHINDRA,TM12-2018,DSE,DSETMZG523,10/Oct/2020:10:05:42,https://wilp.wheebox.com/WET-2/homeV2.obj,403,6.2
2018TM12319,TECH MAHINDRA,TM12-2018,DSE,DSETMZG523,10/Oct/2020:10:05:47,https://wilp.wheebox.com/WET-2/homeV2.obj,403,11.7
2018TM12320,TECH MAHINDRA,TM12-2018,DSE,DSETMZG523,10/Oct/2020:10:05:52,https://wilp.wheebox.com/WET-2/homeV2.obj,403,7.2
2018TM12321,TECH MAHINDRA,TM12-2018,DSE,DSETMZG523,10/Oct/2020:10:05:57,https://wilp.wheebox.com/WET-2/homeV2.obj,406,12.7
2018TM12322,TECH MAHINDRA,TM12-2018,DSE,DSETMZG523,10/Oct/2020:10:05:02,https://wilp.wheebox.com/WET-2/homeV2.obj,405,2.2
2018TM12323,TECH MAHINDRA,TM12-2018,DSE,DSETMZG524,10/Oct/2020:14:20:08,https://wilp.wheebox.com/WET-2/homeV2.obj,406,8.8
2018TM12324,TECH MAHINDRA,TM12-2018,DSE,DSETMZG524,10/Oct/2020:14:20:14,https://wilp.wheebox.com/WET-2/homeV2.obj,403,5.4
2018TM12325,TECH MAHINDRA,TM12-2018,DSE,DSETMZG524,10/Oct/2020:14:20:20,https://wilp.wheebox.com/WET-2/homeV2.obj,409,2
2018TM12326,TECH MAHINDRA,TM12-2018,DSE,DSETMZG524,10/Oct/2020:14:20:26,https://wilp.wheebox.com/LOGIN-2/wilp.jsp,401,8.6
2018TM12327,TECH MAHINDRA,TM12-2018,DSE,DSETMZG524,10/Oct/2020:14:20:32,https://wilp.wheebox.com/LOGIN-2/wilp.jsp,402,5.2
2018TM12328,TECH MAHINDRA,TM12-2018,DSE,DSETMZG524,10/Oct/2020:14:20:38,https://wilp.wheebox.com/LOGIN-2/wilp.jsp,402,11.8
2018TM12329,TECH MAHINDRA,TM12-2018,DSE,DSETMZG524,10/Oct/2020:14:20:44,https://wilp.wheebox.com/LOGIN-2/wilp.jsp,402,8.4
2018TM12330,TECH MAHINDRA,TM12-2018,DSE,DSETMZG524,10/Oct/2020:14:20:50,https://wilp.wheebox.com/LOGIN-2/wilp.jsp,402,5
2018TM12331,TECH MAHINDRA,TM12-2018,DSE,DSETMZG524,10/Oct/2020:14:20:56,https://wilp.wheebox.com/LOGIN-2/wilp.jsp,401,11.6
2018TM12332,TECH MAHINDRA,TM12-2018,DSE,DSETMZG524,10/Oct/2020:14:20:03,https://wilp.wheebox.com/LOGIN-2/wilp.jsp,401,3.3
2018TM12333,TECH MAHINDRA,TM12-2018,DSE,DSETMZG521,03/Oct/2020:10:05:05,https://wilp.wheebox.com/WAT-3/login,401,5.5
2018TM12334,TECH MAHINDRA,TM12-2018,DSE,DSETMZG521,03/Oct/2020:10:05:07,https://wilp.wheebox.com/WAT-3/login,401,7.7
2018TM12335,TECH MAHINDRA,TM12-2018,DSE,DSETMZG522,03/Oct/2020:14:20:09,https://wilp.wheebox.com/WAT-3/login,401,9.9
2018TM12336,TECH MAHINDRA,TM12-2018,DSE,DSETMZG522,03/Oct/2020:14:20:11,https://wilp.wheebox.com/WAT-3/login,402,2.1
2018TM12337,TECH MAHINDRA,TM12-2018,DSE,DSETMZG522,03/Oct/2020:14:20:13,https://wilp.wheebox.com/WAT-3/login,402,4.3
2018TM12338,TECH MAHINDRA,TM12-2018,DSE,DSETMZG522,03/Oct/2020:14:20:15,https://wilp.wheebox.com/WAT-3/login,402,6.5
2018TM12339,TECH MAHINDRA,TM12-2018,DSE,DSETMZG522,03/Oct/2020:14:20:17,https://wilp.wheebox.com/WAT-3/login,402,8.7
2018TM12340,TECH MAHINDRA,TM12-2018,DSE,DSETMZG522,03/Oct/2020:14:20:19,https://wilp.wheebox.com/WAT-3/login,402,10.9
2018TM12341,TECH MAHINDRA,TM12-2018,DSE,DSETMZG522,03/Oct/2020:14:20:21,https://wilp.wheebox.com/WAT-3/login,402,3.1
2018TM12342,TECH MAHINDRA,TM12-2018,DSE,DSETMZG522,03/Oct/2020:14:20:23,https://wilp.wheebox.com/WAT-3/login,402,5.3
2018TM12343,TECH MAHINDRA,TM12-2018,DSE,DSETMZG522,03/Oct/2020:14:20:25,https://wilp.wheebox.com/WAT-3/login,402,7.5
2018TM12344,TECH MAHINDRA,TM12-2018,DSE,DSETMZG522,03/Oct/2020:14:20:27,https://wilp.wheebox.com/LOGIN-2/wilp.jsp,401,9.7
2018TM12345,TECH MAHINDRA,TM12-2018,DSE,DSETMZG522,03/Oct/2020:14:20:29,https://wilp.wheebox.com/LOGIN-2/wilp.jsp,401,11.9
2018TM12346,TECH MAHINDRA,TM12-2018,DSE,DSETMZG522,03/Oct/2020:14:20:31,https://wilp.wheebox.com/LOGIN-2/wilp.jsp,401,4.1
2018TM12347,TECH MAHINDRA,TM12-2018,DSE,DSETMZG522,03/Oct/2020:14:20:33,https://wilp.wheebox.com/LOGIN-2/wilp.jsp,401,6.3
2018TM12348,TECH MAHINDRA,TM12-2018,DSE,DSETMZG522,03/Oct/2020:14:20:35,https://wilp.wheebox.com/WET-2/homeV2.obj,404,8.5
2018TM12349,TECH MAHINDRA,TM12-2018,DSE,DSETMZG522,03/Oct/2020:14:20:37,https://wilp.wheebox.com/WET-2/homeV2.obj,403,10.7
2018TM12350,TECH MAHINDRA,TM12-2018,DSE,DSETMZG522,03/Oct/2020:14:20:39,https://wilp.wheebox.com/WET-2/homeV2.obj,406,12.9
2018TM12351,TECH MAHINDRA,TM12-2018,DSE,DSETMZG522,03/Oct/2020:14:20:41,https://wilp.wheebox.com/WET-2/homeV2.obj,404,5.1
2018TM12352,TECH MAHINDRA,TM12-2018,DSE,DSETMZG522,03/Oct/2020:14:20:43,https://wilp.wheebox.com/WET-2/homeV2.obj,404,7.3
2018TM12353,TECH MAHINDRA,TM12-2018,DSE,DSETMZG522,03/Oct/2020:14:20:45,https://wilp.wheebox.com/WET-2/homeV2.obj,403,9.5
2018TM12354,TECH MAHINDRA,TM12-2018,DSE,DSETMZG522,03/Oct/2020:14:20:47,https://wilp.wheebox.com/WET-2/homeV2.obj,405,11.7
2018TM12355,TECH MAHINDRA,TM12-2018,DSE,DSETMZG522,03/Oct/2020:14:20:49,https://wilp.wheebox.com/WET-2/homeV2.obj,405,13.9
2018TM12356,TECH MAHINDRA,TM12-2018,DSE,DSETMZG522,03/Oct/2020:14:20:51,https://wilp.wheebox.com/WET-2/homeV2.obj,403,6.1
2018TM12357,TECH MAHINDRA,TM12-2018,DSE,DSETMZG522,03/Oct/2020:14:20:53,https://wilp.wheebox.com/WET-2/homeV2.obj,403,8.3
2018TM12358,TECH MAHINDRA,TM12-2018,DSE,DSETMZG521,03/Oct/2020:10:05:55,https://wilp.wheebox.com/WET-2/homeV2.obj,403,10.5
2018TM12359,TECH MAHINDRA,TM12-2018,DSE,DSETMZG521,03/Oct/2020:10:05:57,https://wilp.wheebox.com/WET-2/homeV2.obj,406,12.7
2018TM12360,TECH MAHINDRA,TM12-2018,DSE,DSETMZG521,03/Oct/2020:10:05:59,https://wheebox.com/static/tempFiles/upload_doc_03/Oct/2020:10:05:59,407,14.9
2018TM12361,TECH MAHINDRA,TM12-2018,DSE,DSETMZG521,03/Oct/2020:10:05:01,https://wheebox.com/static/tempFiles/upload_doc_03/Oct/2020:10:05:01,407,1.1
2018TM12362,TECH MAHINDRA,TM12-2018,DSE,DSETMZG521,03/Oct/2020:10:05:09,https://wheebox.com/static/tempFiles/upload_doc_03/Oct/2020:10:05:09,407,9.9
2018TM12363,TECH MAHINDRA,TM12-2018,DSE,DSETMZG521,03/Oct/2020:10:05:17,https://wheebox.com/static/tempFiles/upload_doc_03/Oct/2020:10:05:17,407,8.7
2018TM12364,TECH MAHINDRA,TM12-2018,DSE,DSETMZG521,03/Oct/2020:10:05:25,https://wheebox.com/static/tempFiles/upload_doc_03/Oct/2020:10:05:25,407,7.5
2018TM12365,TECH MAHINDRA,TM12-2018,DSE,DSETMZG521,03/Oct/2020:10:05:33,https://wheebox.com/static/tempFiles/upload_doc_03/Oct/2020:10:05:33,408,6.3
2018TM12366,TECH MAHINDRA,TM12-2018,DSE,DSETMZG521,03/Oct/2020:10:05:41,https://wheebox.com/static/tempFiles/upload_doc_03/Oct/2020:10:05:41,408,5.1
2018TM12367,TECH MAHINDRA,TM12-2018,DSE,DSETMZG521,03/Oct/2020:10:05:49,https://wheebox.com/static/tempFiles/upload_doc_03/Oct/2020:10:05:49,407,13.9
2018TM12368,TECH MAHINDRA,TM12-2018,DSE,DSETMZG523,10/Oct/2020:10:05:57,https://wheebox.com/static/tempFiles/upload_doc_10/Oct/2020:10:05:57,407,12.7
2018TM12369,TECH MAHINDRA,TM12-2018,DSE,DSETMZG523,10/Oct/2020:10:05:05,https://wheebox.com/static/tempFiles/upload_doc_10/Oct/2020:10:05:05,407,5.5
2018TM12370,TECH MAHINDRA,TM12-2018,DSE,DSETMZG523,10/Oct/2020:10:05:05,https://wilp.wheebox.com/WET-2/homeV2.obj,409,5.5
2018TM12371,TECH MAHINDRA,TM12-2018,DSE,DSETMZG523,10/Oct/2020:10:05:05,https://wilp.wheebox.com/WET-2/homeV2.obj,409,5.5
2018TM12372,TECH MAHINDRA,TM12-2018,DSE,DSETMZG523,10/Oct/2020:10:05:06,https://wilp.wheebox.com/WET-2/homeV2.obj,405,6.6
2018TM12373,TECH MAHINDRA,TM12-2018,DSE,DSETMZG522,03/Oct/2020:14:20:10,https://wilp.wheebox.com/WET-2/homeV2.obj,406,1
2018TM12374,TECH MAHINDRA,TM12-2018,DSE,DSETMZG522,03/Oct/2020:14:20:14,https://wilp.wheebox.com/WET-2/homeV2.obj,403,5.4
2018TM12375,TECH MAHINDRA,TM12-2018,DSE,DSETMZG522,03/Oct/2020:14:20:18,https://wilp.wheebox.com/WET-2/homeV2.obj,405,9.8
2019TM06201,TECH MAHINDRA,TM06-2019,CSE,CSETMZG501,03/Jun/2020:10:05:22,https://wilp.wheebox.com/WET-2/homeV2.obj,404,4.2
2019TM06202,TECH MAHINDRA,TM06-2019,CSE,CSETMZG501,03/Jun/2020:10:05:26,https://wilp.wheebox.com/WET-2/homeV2.obj,405,8.6
2019TM06203,TECH MAHINDRA,TM06-2019,CSE,CSETMZG501,03/Jun/2020:10:05:30,https://wilp.wheebox.com/WET-2/homeV2.obj,404,3
2019TM06204,TECH MAHINDRA,TM06-2019,CSE,CSETMZG501,03/Jun/2020:10:05:34,https://wilp.wheebox.com/WET-2/homeV2.obj,404,7.4
2019TM06205,TECH MAHINDRA,TM06-2019,CSE,CSETMZG501,03/Jun/2020:10:05:38,https://wilp.wheebox.com/WET-2/homeV2.obj,405,11.8
2019TM06206,TECH MAHINDRA,TM06-2019,CSE,CSETMZG501,03/Jun/2020:10:05:42,https://wilp.wheebox.com/WET-2/homeV2.obj,405,6.2
2019TM06207,TECH MAHINDRA,TM06-2019,CSE,CSETMZG501,03/Jun/2020:10:05:46,https://wilp.wheebox.com/WET-2/homeV2.obj,406,10.6
2019TM06208,TECH MAHINDRA,TM06-2019,CSE,CSETMZG501,03/Jun/2020:10:05:50,https://wilp.wheebox.com/WET-2/homeV2.obj,403,5
2019TM06209,TECH MAHINDRA,TM06-2019,CSE,CSETMZG501,03/Jun/2020:10:05:54,https://wilp.wheebox.com/WET-2/homeV2.obj,403,9.4
2019TM06210,TECH MAHINDRA,TM06-2019,CSE,CSETMZG501,03/Jun/2020:10:05:58,https://wilp.wheebox.com/WET-2/homeV2.obj,403,13.8
2019TM06211,TECH MAHINDRA,TM06-2019,CSE,CSETMZG501,03/Jun/2020:10:05:02,https://wilp.wheebox.com/WET-2/homeV2.obj,404,2.2
2019TM06212,TECH MAHINDRA,TM06-2019,CSE,CSETMZG503,10/Jun/2020:10:05:09,https://wilp.wheebox.com/WET-2/homeV2.obj,406,9.9
2019TM06213,TECH MAHINDRA,TM06-2019,CSE,CSETMZG504,10/Jun/2020:14:20:16,https://wilp.wheebox.com/WET-2/homeV2.obj,409,7.6
2019TM06214,TECH MAHINDRA,TM06-2019,CSE,CSETMZG504,10/Jun/2020:14:20:23,https://wilp.wheebox.com/LOGIN-2/wilp.jsp,401,5.3
2019TM06215,TECH MAHINDRA,TM06-2019,CSE,CSETMZG504,10/Jun/2020:14:20:30,https://wilp.wheebox.com/LOGIN-2/wilp.jsp,401,3
2019TM06216,TECH MAHINDRA,TM06-2019,CSE,CSETMZG504,10/Jun/2020:14:20:37,https://wilp.wheebox.com/LOGIN-2/wilp.jsp,401,10.7
2019TM06217,TECH MAHINDRA,TM06-2019,CSE,CSETMZG504,10/Jun/2020:14:20:44,https://wilp.wheebox.com/LOGIN-2/wilp.jsp,401,8.4
2019TM06218,TECH MAHINDRA,TM06-2019,CSE,CSETMZG504,10/Jun/2020:14:20:51,https://wilp.wheebox.com/LOGIN-2/wilp.jsp,401,6.1
2019TM06219,TECH MAHINDRA,TM06-2019,CSE,CSETMZG504,10/Jun/2020:14:20:58,https://wilp.wheebox.com/LOGIN-2/wilp.jsp,401,13.8
2019TM06220,TECH MAHINDRA,TM06-2019,CSE,CSETMZG504,10/Jun/2020:14:20:04,https://wilp.wheebox.com/LOGIN-2/wilp.jsp,402,4.4
2019TM06221,TECH MAHINDRA,TM06-2019,CSE,CSETMZG503,10/Jun/2020:10:05:09,https://wilp.wheebox.com/LOGIN-2/wilp.jsp,402,9.9
2019TM06222,TECH MAHINDRA,TM06-2019,CSE,CSETMZG502,03/Jun/2020:14:20:14,https://wilp.wheebox.com/LOGIN-2/wilp.jsp,402,5.4
2019TM06223,TECH MAHINDRA,TM06-2019,CSE,CSETMZG502,03/Jun/2020:14:20:19,https://wilp.wheebox.com/LOGIN-2/wilp.jsp,402,10.9
2019TM06224,TECH MAHINDRA,TM06-2019,CSE,CSETMZG502,03/Jun/2020:14:20:24,https://wilp.wheebox.com/LOGIN-2/wilp.jsp,401,6.4
2019TM06225,TECH MAHINDRA,TM06-2019,CSE,CSETMZG502,03/Jun/2020:14:20:29,https://wilp.wheebox.com/LOGIN-2/wilp.jsp,401,11.9
2019TM06226,TECH MAHINDRA,TM06-2019,CSE,CSETMZG502,03/Jun/2020:14:20:34,https://wilp.wheebox.com/LOGIN-2/wilp.jsp,401,7.4
2019TM06227,TECH MAHINDRA,TM06-2019,CSE,CSETMZG502,03/Jun/2020:14:20:39,https://wilp.wheebox.com/LOGIN-2/wilp.jsp,402,12.9
2019TM06228,TECH MAHINDRA,TM06-2019,CSE,CSETMZG502,03/Jun/2020:14:20:44,https://wilp.wheebox.com/LOGIN-2/wilp.jsp,402,8.4
2019TM06229,TECH MAHINDRA,TM06-2019,CSE,CSETMZG502,03/Jun/2020:14:20:49,https://wilp.wheebox.com/LOGIN-2/wilp.jsp,402,13.9
2019TM06230,TECH MAHINDRA,TM06-2019,CSE,CSETMZG502,03/Jun/2020:14:20:54,https://wilp.wheebox.com/LOGIN-2/wilp.jsp,402,9.4
2019TM06231,TECH MAHINDRA,TM06-2019,CSE,CSETMZG502,03/Jun/2020:14:20:59,https://wilp.wheebox.com/LOGIN-2/wilp.jsp,401,14.9
2019TM06232,TECH MAHINDRA,TM06-2019,CSE,CSETMZG502,03/Jun/2020:14:20:03,https://wilp.wheebox.com/LOGIN-2/wilp.jsp,401,3.3
2019TM06233,TECH MAHINDRA,TM06-2019,CSE,CSETMZG502,03/Jun/2020:14:20:07,https://wilp.wheebox.com/LOGIN-2/wilp.jsp,401,7.7
2019TM06234,TECH MAHINDRA,TM06-2019,CSE,CSETMZG502,03/Jun/2020:14:20:11,https://wilp.wheebox.com/LOGIN-2/wilp.jsp,402,2.1
2019TM06235,TECH MAHINDRA,TM06-2019,CSE,CSETMZG502,03/Jun/2020:14:20:15,https://wilp.wheebox.com/LOGIN-2/wilp.jsp,402,6.5
2019TM06236,TECH MAHINDRA,TM06-2019,CSE,CSETMZG502,03/Jun/2020:14:20:19,https://wilp.wheebox.com/LOGIN-2/wilp.jsp,401,10.9
2019TM06237,TECH MAHINDRA,TM06-2019,CSE,CSETMZG502,03/Jun/2020:14:20:23,https://wilp.wheebox.com/WET-2/homeV2.obj,404,5.3
2019TM06238,TECH MAHINDRA,TM06-2019,CSE,CSETMZG502,03/Jun/2020:14:20:27,https://wilp.wheebox.com/WET-2/homeV2.obj,406,9.7
2019TM06239,TECH MAHINDRA,TM06-2019,CSE,CSETMZG502,03/Jun/2020:14:20:31,https://wilp.wheebox.com/WET-2/homeV2.obj,406,4.1
2019TM06240,TECH MAHINDRA,TM06-2019,CSE,CSETMZG502,03/Jun/2020:14:20:35,https://wilp.wheebox.com/WET-2/homeV2.obj,406,8.5
2019TM06241,TECH MAHINDRA,TM06-2019,CSE,CSETMZG502,03/Jun/2020:14:20:39,https://wilp.wheebox.com/WET-2/homeV2.obj,405,12.9
2019TM06242,TECH MAHINDRA,TM06-2019,CSE,CSETMZG502,03/Jun/2020:14:20:43,https://wilp.wheebox.com/WET-2/homeV2.obj,405,7.3
2019TM06243,TECH MAHINDRA,TM06-2019,CSE,CSETMZG502,03/Jun/2020:14:20:47,https://wilp.wheebox.com/WET-2/homeV2.obj,405,11.7
2019TM06244,TECH MAHINDRA,TM06-2019,CSE,CSETMZG502,03/Jun/2020:14:20:51,https://wilp.wheebox.com/WET-2/homeV2.obj,404,6.1
2019TM06245,TECH MAHINDRA,TM06-2019,CSE,CSETMZG501,03/Jun/2020:10:05:55,https://wilp.wheebox.com/WET-2/homeV2.obj,403,10.5
2019TM06246,TECH MAHINDRA,TM06-2019,CSE,CSETMZG501,03/Jun/2020:10:05:59,https://wilp.wheebox.com/WET-2/homeV2.obj,405,14.9
2019TM06247,TECH MAHINDRA,TM06-2019,CSE,CSETMZG501,03/Jun/2020:10:05:03,https://wilp.wheebox.com/WET-2/homeV2.obj,406,3.3
2019TM06248,TECH MAHINDRA,TM06-2019,CSE,CSETMZG501,03/Jun/2020:10:05:08,https://wilp.wheebox.com/WET-2/homeV2.obj,403,8.8
2019TM06249,TECH MAHINDRA,TM06-2019,CSE,CSETMZG501,03/Jun/2020:10:05:13,https://wilp.wheebox.com/WET-2/homeV2.obj,404,4.3
2019TM06250,TECH MAHINDRA,TM06-2019,CSE,CSETMZG501,03/Jun/2020:10:05:18,https://wilp.wheebox.com/WET-2/homeV2.obj,405,9.8
2019TM06251,TECH MAHINDRA,TM06-2019,CSE,CSETMZG501,03/Jun/2020:10:05:23,https://wilp.wheebox.com/LOGIN-2/wilp.jsp,401,5.3
2019TM06252,TECH MAHINDRA,TM06-2019,CSE,CSETMZG501,03/Jun/2020:10:05:28,https://wilp.wheebox.com/LOGIN-2/wilp.jsp,401,10.8
2019TM06253,TECH MAHINDRA,TM06-2019,CSE,CSETMZG501,03/Jun/2020:10:05:33,https://wilp.wheebox.com/LOGIN-2/wilp.jsp,402,6.3
2019TM06254,TECH MAHINDRA,TM06-2019,CSE,CSETMZG501,03/Jun/2020:10:05:38,https://wilp.wheebox.com/LOGIN-2/wilp.jsp,402,11.8
2019TM06255,TECH MAHINDRA,TM06-2019,CSE,CSETMZG501,03/Jun/2020:10:05:43,https://wilp.wheebox.com/LOGIN-2/wilp.jsp,402,7.3
2019TM06256,TECH MAHINDRA,TM06-2019,CSE,CSETMZG503,10/Jun/2020:10:05:48,https://wilp.wheebox.com/LOGIN-2/wilp.jsp,402,12.8
2019TM06257,TECH MAHINDRA,TM06-2019,CSE,CSETMZG503,10/Jun/2020:10:05:53,https://wilp.wheebox.com/LOGIN-2/wilp.jsp,402,8.3
2019TM06258,TECH MAHINDRA,TM06-2019,CSE,CSETMZG503,10/Jun/2020:10:05:58,https://wilp.wheebox.com/LOGIN-2/wilp.jsp,401,13.8
2019TM06259,TECH MAHINDRA,TM06-2019,CSE,CSETMZG503,10/Jun/2020:10:05:02,https://wilp.wheebox.com/LOGIN-2/wilp.jsp,401,2.2
2019TM06260,TECH MAHINDRA,TM06-2019,CSE,CSETMZG503,10/Jun/2020:10:05:05,https://wilp.wheebox.com/LOGIN-2/wilp.jsp,402,5.5
2019TM06261,TECH MAHINDRA,TM06-2019,CSE,CSETMZG503,10/Jun/2020:10:05:08,https://wilp.wheebox.com/LOGIN-2/wilp.jsp,402,8.8
2019TM06262,TECH MAHINDRA,TM06-2019,CSE,CSETMZG503,10/Jun/2020:10:05:11,https://wilp.wheebox.com/LOGIN-2/wilp.jsp,402,2.1
2019TM06263,TECH MAHINDRA,TM06-2019,CSE,CSETMZG504,10/Jun/2020:14:20:14,https://wilp.wheebox.com/LOGIN-2/wilp.jsp,401,5.4
2019TM06264,TECH MAHINDRA,TM06-2019,CSE,CSETMZG504,10/Jun/2020:14:20:17,https://wilp.wheebox.com/LOGIN-2/wilp.jsp,401,8.7
2019TM06265,TECH MAHINDRA,TM06-2019,CSE,CSETMZG504,10/Jun/2020:14:20:20,https://wilp.wheebox.com/LOGIN-2/wilp.jsp,401,2
2019TM06266,TECH MAHINDRA,TM06-2019,CSE,CSETMZG504,10/Jun/2020:14:20:23,https://wilp.wheebox.com/LOGIN-2/wilp.jsp,401,5.3
2019TM06267,TECH MAHINDRA,TM06-2019,CSE,CSETMZG504,10/Jun/2020:14:20:26,https://wilp.wheebox.com/LOGIN-2/wilp.jsp,401,8.6
2019TM06268,TECH MAHINDRA,TM06-2019,CSE,CSETMZG504,10/Jun/2020:14:20:29,https://wilp.wheebox.com/LOGIN-2/wilp.jsp,402,11.9
2019TM06269,TECH MAHINDRA,TM06-2019,CSE,CSETMZG504,10/Jun/2020:14:20:32,https://wilp.wheebox.com/WET-2/homeV2.obj,403,5.2
2019TM06270,TECH MAHINDRA,TM06-2019,CSE,CSETMZG504,10/Jun/2020:14:20:35,https://wilp.wheebox.com/WET-2/homeV2.obj,406,8.5
2019TM06271,TECH MAHINDRA,TM06-2019,CSE,CSETMZG504,10/Jun/2020:14:20:38,https://wilp.wheebox.com/WET-2/homeV2.obj,409,11.8
2019TM06272,TECH MAHINDRA,TM06-2019,CSE,CSETMZG504,10/Jun/2020:14:20:41,https://wilp.wheebox.com/WET-2/homeV2.obj,409,5.1
2019TM06273,TECH MAHINDRA,TM06-2019,CSE,CSETMZG504,10/Jun/2020:14:20:44,https://wilp.wheebox.com/WET-2/homeV2.obj,403,8.4
2019TM06274,TECH MAHINDRA,TM06-2019,CSE,CSETMZG504,10/Jun/2020:14:20:47,https://wilp.wheebox.com/WET-2/homeV2.obj,403,11.7
2019TM06275,TECH MAHINDRA,TM06-2019,CSE,CSETMZG504,10/Jun/2020:14:20:50,https://wilp.wheebox.com/WET-2/homeV2.obj,406,5
2019TM06276,TECH MAHINDRA,TM06-2019,CSE,CSETMZG504,10/Jun/2020:14:20:53,https://wilp.wheebox.com/WET-2/homeV2.obj,403,8.3
2019TM06277,TECH MAHINDRA,TM06-2019,CSE,CSETMZG504,10/Jun/2020:14:20:56,https://wilp.wheebox.com/WET-2/homeV2.obj,406,11.6
2019TM06278,TECH MAHINDRA,TM06-2019,CSE,CSETMZG504,10/Jun/2020:14:20:59,https://wilp.wheebox.com/WET-2/homeV2.obj,409,14.9
2019TM06279,TECH MAHINDRA,TM06-2019,CSE,CSETMZG504,10/Jun/2020:14:20:01,https://wilp.wheebox.com/WET-2/homeV2.obj,403,1.1
2019TM06280,TECH MAHINDRA,TM06-2019,CSE,CSETMZG501,03/Jun/2020:10:05:01,https://wilp.wheebox.com/WET-2/homeV2.obj,406,1.1
2019TM06281,TECH MAHINDRA,TM06-2019,CSE,CSETMZG501,03/Jun/2020:10:05:01,https://wilp.wheebox.com/WET-2/homeV2.obj,406,1.1
2019TM06282,TECH MAHINDRA,TM06-2019,CSE,CSETMZG501,03/Jun/2020:10:05:05,https://wilp.wheebox.com/LOGIN-2/wilp.jsp,402,5.5
2019TM06283,TECH MAHINDRA,TM06-2019,CSE,CSETMZG501,03/Jun/2020:10:05:09,https://wilp.wheebox.com/LOGIN-2/wilp.jsp,402,9.9
2019TM06284,TECH MAHINDRA,TM06-2019,CSE,CSETMZG501,03/Jun/2020:10:05:13,https://wilp.wheebox.com/LOGIN-2/wilp.jsp,401,4.3
2019TM06285,TECH MAHINDRA,TM06-2019,CSE,CSETMZG501,03/Jun/2020:10:05:17,https://wilp.wheebox.com/LOGIN-2/wilp.jsp,401,8.7
2019TM06286,TECH MAHINDRA,TM06-2019,CSE,CSETMZG501,03/Jun/2020:10:05:21,https://wilp.wheebox.com/LOGIN-2/wilp.jsp,401,3.1
2019TM06287,TECH MAHINDRA,TM06-2019,CSE,CSETMZG501,03/Jun/2020:10:05:25,https://wilp.wheebox.com/LOGIN-2/wilp.jsp,402,7.5
2019TM06288,TECH MAHINDRA,TM06-2019,CSE,CSETMZG501,03/Jun/2020:10:05:29,https://wilp.wheebox.com/LOGIN-2/wilp.jsp,402,11.9
2019TM06289,TECH MAHINDRA,TM06-2019,CSE,CSETMZG501,03/Jun/2020:10:05:33,https://wilp.wheebox.com/LOGIN-2/wilp.jsp,402,6.3
2019TM06290,TECH MAHINDRA,TM06-2019,CSE,CSETMZG501,03/Jun/2020:10:05:37,https://wilp.wheebox.com/LOGIN-2/wilp.jsp,402,10.7
2019TM06291,TECH MAHINDRA,TM06-2019,CSE,CSETMZG502,03/Jun/2020:14:20:41,https://wilp.wheebox.com/LOGIN-2/wilp.jsp,401,5.1
2019TM06292,TECH MAHINDRA,TM06-2019,CSE,CSETMZG502,03/Jun/2020:14:20:45,https://wilp.wheebox.com/LOGIN-2/wilp.jsp,401,9.5
2019TM06293,TECH MAHINDRA,TM06-2019,CSE,CSETMZG502,03/Jun/2020:14:20:49,https://wilp.wheebox.com/WET-2/homeV2.obj,406,13.9
2019TM06294,TECH MAHINDRA,TM06-2019,CSE,CSETMZG502,03/Jun/2020:14:20:53,https://wilp.wheebox.com/WET-2/homeV2.obj,406,8.3
2019TM06295,TECH MAHINDRA,TM06-2019,CSE,CSETMZG502,03/Jun/2020:14:20:57,https://wilp.wheebox.com/WET-2/homeV2.obj,405,12.7
2019TM06296,TECH MAHINDRA,TM06-2019,CSE,CSETMZG502,03/Jun/2020:14:20:03,https://wilp.wheebox.com/WET-2/homeV2.obj,403,3.3
2019TM06297,TECH MAHINDRA,TM06-2019,CSE,CSETMZG502,03/Jun/2020:14:20:03,https://wilp.wheebox.com/WET-2/homeV2.obj,403,3.3
2019TM06298,TECH MAHINDRA,TM06-2019,CSE,CSETMZG502,03/Jun/2020:14:20:03,https://wilp.wheebox.com/WET-2/homeV2.obj,406,3.3
2019TM06299,TECH MAHINDRA,TM06-2019,CSE,CSETMZG502,03/Jun/2020:14:20:07,https://wilp.wheebox.com/WET-2/homeV2.obj,409,7.7
2019TM06300,TECH MAHINDRA,TM06-2019,CSE,CSETMZG502,03/Jun/2020:14:20:11,https://wilp.wheebox.com/WET-2/homeV2.obj,403,2.1
2019TM06301,TECH MAHINDRA,TM06-2019,CSE,CSETMZG502,03/Jun/2020:14:20:15,https://wilp.wheebox.com/WET-2/homeV2.obj,409,6.5
2019TM06302,TECH MAHINDRA,TM06-2019,CSE,CSETMZG502,03/Jun/2020:14:20:19,https://wilp.wheebox.com/WET-2/homeV2.obj,405,10.9
2019TM06303,TECH MAHINDRA,TM06-2019,CSE,CSETMZG502,03/Jun/2020:14:20:23,https://wilp.wheebox.com/WET-2/homeV2.obj,405,5.3
2019TM06304,TECH MAHINDRA,TM06-2019,CSE,CSETMZG502,03/Jun/2020:14:20:27,https://wilp.wheebox.com/WET-2/homeV2.obj,405,9.7
2019TM06305,TECH MAHINDRA,TM06-2019,CSE,CSETMZG502,03/Jun/2020:14:20:31,https://wilp.wheebox.com/WET-2/homeV2.obj,403,4.1
2019TM06306,TECH MAHINDRA,TM06-2019,CSE,CSETMZG502,03/Jun/2020:14:20:35,https://wilp.wheebox.com/WET-2/homeV2.obj,403,8.5
2019TM06307,TECH MAHINDRA,TM06-2019,CSE,CSETMZG502,03/Jun/2020:14:20:39,https://wilp.wheebox.com/WET-2/homeV2.obj,409,12.9
2019TM06308,TECH MAHINDRA,TM06-2019,CSE,CSETMZG502,03/Jun/2020:14:20:43,https://wilp.wheebox.com/WET-2/homeV2.obj,404,7.3
2019TM06309,TECH MAHINDRA,TM06-2019,CSE,CSETMZG502,03/Jun/2020:14:20:47,https://wilp.wheebox.com/LOGIN-2/wilp.jsp,401,11.7
2019TM06310,TECH MAHINDRA,TM06-2019,CSE,CSETMZG502,03/Jun/2020:14:20:51,https://wilp.wheebox.com/LOGIN-2/wilp.jsp,401,6.1
2019TM06311,TECH MAHINDRA,TM06-2019,CSE,CSETMZG502,03/Jun/2020:14:20:55,https://wilp.wheebox.com/WAT-3/login,401,10.5
2019TM06312,TECH MAHINDRA,TM06-2019,CSE,CSETMZG502,03/Jun/2020:14:20:59,https://wilp.wheebox.com/WAT-3/login,401,14.9
2019TM06313,TECH MAHINDRA,TM06-2019,CSE,CSETMZG502,03/Jun/2020:14:20:02,https://wilp.wheebox.com/WAT-3/login,401,2.2
2019TM06314,TECH MAHINDRA,TM06-2019,CSE,CSETMZG502,03/Jun/2020:14:20:02,https://wilp.wheebox.com/WAT-3/login,401,2.2
2019TM06315,TECH MAHINDRA,TM06-2019,CSE,CSETMZG502,03/Jun/2020:14:20:02,https://wilp.wheebox.com/WAT-3/login,401,2.2
2019TM06316,TECH MAHINDRA,TM06-2019,CSE,CSETMZG502,03/Jun/2020:14:20:06,https://wilp.wheebox.com/WAT-3/login,402,6.6
2019TM06317,TECH MAHINDRA,TM06-2019,CSE,CSETMZG502,03/Jun/2020:14:20:10,https://wilp.wheebox.com/LOGIN-2/wilp.jsp,402,1
2019TM06318,TECH MAHINDRA,TM06-2019,CSE,CSETMZG503,10/Jun/2020:10:05:14,https://wilp.wheebox.com/LOGIN-2/wilp.jsp,402,5.4
2019TM06319,TECH MAHINDRA,TM06-2019,CSE,CSETMZG503,10/Jun/2020:10:05:18,https://wilp.wheebox.com/LOGIN-2/wilp.jsp,401,9.8
2019TM06320,TECH MAHINDRA,TM06-2019,CSE,CSETMZG503,10/Jun/2020:10:05:22,https://wilp.wheebox.com/LOGIN-2/wilp.jsp,402,4.2
2019TM06321,TECH MAHINDRA,TM06-2019,CSE,CSETMZG503,10/Jun/2020:10:05:26,https://wilp.wheebox.com/LOGIN-2/wilp.jsp,401,8.6
2019TM06322,TECH MAHINDRA,TM06-2019,CSE,CSETMZG503,10/Jun/2020:10:05:30,https://wilp.wheebox.com/LOGIN-2/wilp.jsp,401,3
2019TM06323,TECH MAHINDRA,TM06-2019,CSE,CSETMZG503,10/Jun/2020:10:05:34,https://wilp.wheebox.com/LOGIN-2/wilp.jsp,401,7.4
2019TM06324,TECH MAHINDRA,TM06-2019,CSE,CSETMZG503,10/Jun/2020:10:05:38,https://wilp.wheebox.com/LOGIN-2/wilp.jsp,402,11.8
2019TM06325,TECH MAHINDRA,TM06-2019,CSE,CSETMZG503,10/Jun/2020:10:05:42,https://wilp.wheebox.com/LOGIN-2/wilp.jsp,402,6.2
2019TM06326,TECH MAHINDRA,TM06-2019,CSE,CSETMZG503,10/Jun/2020:10:05:46,https://wilp.wheebox.com/LOGIN-2/wilp.jsp,402,10.6
2019TM06327,TECH MAHINDRA,TM06-2019,CSE,CSETMZG503,10/Jun/2020:10:05:50,https://wilp.wheebox.com/LOGIN-2/wilp.jsp,402,5
2019TM06328,TECH MAHINDRA,TM06-2019,CSE,CSETMZG503,10/Jun/2020:10:05:54,https://wilp.wheebox.com/LOGIN-2/wilp.jsp,402,9.4
2019TM06329,TECH MAHINDRA,TM06-2019,CSE,CSETMZG503,10/Jun/2020:10:05:58,https://wheebox.com/static/tempFiles/upload_doc_10/Jun/2020:10:05:58,407,13.8
2019TM06330,TECH MAHINDRA,TM06-2019,CSE,CSETMZG503,10/Jun/2020:10:05:00,https://wheebox.com/static/tempFiles/upload_doc_10/Jun/2020:10:05:00,407,0
2019TM06331,TECH MAHINDRA,TM06-2019,CSE,CSETMZG503,10/Jun/2020:10:05:00,https://wheebox.com/static/tempFiles/upload_doc_10/Jun/2020:10:05:00,407,0
2019TM06332,TECH MAHINDRA,TM06-2019,CSE,CSETMZG503,10/Jun/2020:10:05:00,https://wheebox.com/static/tempFiles/upload_doc_10/Jun/2020:10:05:00,407,0
2019TM06333,TECH MAHINDRA,TM06-2019,CSE,CSETMZG503,10/Jun/2020:10:05:00,https://wheebox.com/static/tempFiles/upload_doc_10/Jun/2020:10:05:00,408,0
2019TM06334,TECH MAHINDRA,TM06-2019,CSE,CSETMZG503,10/Jun/2020:10:05:00,https://wheebox.com/static/tempFiles/upload_doc_10/Jun/2020:10:05:00,407,0
2019TM06335,TECH MAHINDRA,TM06-2019,CSE,CSETMZG503,10/Jun/2020:10:05:02,https://wheebox.com/static/tempFiles/upload_doc_10/Jun/2020:10:05:02,408,2.2
2019TM06336,TECH MAHINDRA,TM06-2019,CSE,CSETMZG503,10/Jun/2020:10:05:03,https://wheebox.com/static/tempFiles/upload_doc_10/Jun/2020:10:05:03,408,3.3
2019TM06337,TECH MAHINDRA,TM06-2019,CSE,CSETMZG503,10/Jun/2020:10:05:03,https://wheebox.com/static/tempFiles/upload_doc_10/Jun/2020:10:05:03,407,3.3
2019TM06338,TECH MAHINDRA,TM06-2019,CSE,CSETMZG503,10/Jun/2020:10:05:05,https://wheebox.com/static/tempFiles/upload_doc_10/Jun/2020:10:05:05,407,5.5
2019TM06339,TECH MAHINDRA,TM06-2019,CSE,CSETMZG503,10/Jun/2020:10:05:07,https://wilp.wheebox.com/WET-2/homeV2.obj,403,7.7
2019TM06340,TECH MAHINDRA,TM06-2019,CSE,CSETMZG503,10/Jun/2020:10:05:09,https://wilp.wheebox.com/WET-2/homeV2.obj,403,9.9
2019TM06341,TECH MAHINDRA,TM06-2019,CSE,CSETMZG503,10/Jun/2020:10:05:11,https://wilp.wheebox.com/WET-2/homeV2.obj,409,2.1
2019TM06342,TECH MAHINDRA,TM06-2019,CSE,CSETMZG503,10/Jun/2020:10:05:13,https://wilp.wheebox.com/WET-2/homeV2.obj,409,4.3
2019TM06343,TECH MAHINDRA,TM06-2019,CSE,CSETMZG503,10/Jun/2020:10:05:15,https://wilp.wheebox.com/WET-2/homeV2.obj,405,6.5
2019TM06327,TECH MAHINDRA,TM06-2019,CSE,CSETMZG524,29/Mar/2020:15:36:20,https://wilp.wheebox.com/LOGIN-2/wilp.jsp,404,4.1
2018AV04504,AVAYA,AV04-2018,DSE,DSEAVZG521,22/Mar/2020:11:24:18,https://wilp.wheebox.com/LOGIN-2/wilp.jsp,402,9.8
2018AV04505,AVAYA,AV04-2018,DSE,DSEAVZG522,22/Mar/2020:15:36:38,https://wilp.wheebox.com/LOGIN-2/wilp.jsp,404,2.2
2018AV04506,AVAYA,AV04-2018,DSE,DSEAVZG524,29/Mar/2020:15:36:19,https://wheebox.com/static/tempFiles/upload_doc_29/Mar/2020:15:36:19,404,8.7
2018AV04527,AVAYA,AV04-2018,DSE,DSEAVZG524,29/Mar/2020:15:36:34,https://wheebox.com/static/tempFiles/upload_doc_29/Mar/2020:15:36:34,409,8.4
2018AV04528,AVAYA,AV04-2018,DSE,DSEAVZG523,29/Mar/2020:11:24:34,https://wheebox.com/static/tempFiles/upload_doc_29/Mar/2020:11:24:34,409,3.2
2018WP04515,WIPRO,WP04-2018,DSE,DSEWPZG521,22/Mar/2020:11:24:6,https://wilp.wheebox.com/WET-2/homeV2.obj,403,9.6
2018WP04516,WIPRO,WP04-2018,DSE,DSEWPZG522,22/Mar/2020:15:36:21,https://wilp.wheebox.com/WET-2/homeV2.obj,403,9.7
2018WP04517,WIPRO,WP04-2018,DSE,DSEWPZG524,29/Mar/2020:15:36:12,https://wilp.wheebox.com/WET-2/homeV2.obj,409,12.9
2018WP04526,WIPRO,WP04-2018,DSE,DSEWPZG523,29/Mar/2020:11:24:20,https://wilp.wheebox.com/LOGIN-2/wilp.jsp,408,8.7
2018WP04527,WIPRO,WP04-2018,DSE,DSEWPZG522,22/Mar/2020:15:36:0,https://wilp.wheebox.com/LOGIN-2/wilp.jsp,406,4
2018WP04528,WIPRO,WP04-2018,DSE,DSEWPZG521,22/Mar/2020:11:24:43,https://wilp.wheebox.com/WAT-3/login,404,4.1
2018WP04545,WIPRO,WP04-2018,DSE,DSEWPZG522,22/Mar/2020:15:36:44,https://wilp.wheebox.com/WAT-3/login,403,5.5
2018WP04546,WIPRO,WP04-2018,DSE,DSEWPZG523,29/Mar/2020:11:24:11,https://wilp.wheebox.com/WET-2/homeV2.obj,407,8.7
2018WP04547,WIPRO,WP04-2018,DSE,DSEWPZG521,22/Mar/2020:11:24:51,https://wilp.wheebox.com/WET-2/homeV2.obj,406,6.5
2018WP04548,WIPRO,WP04-2018,DSE,DSEWPZG522,22/Mar/2020:15:36:3,https://wilp.wheebox.com/WET-2/homeV2.obj,408,9.4
2018WP04590,WIPRO,WP04-2018,DSE,DSEWPZG523,29/Mar/2020:11:24:3,https://wilp.wheebox.com/WET-2/homeV2.obj,401,5
2018WP04591,WIPRO,WP04-2018,DSE,DSEWPZG521,22/Mar/2020:11:24:21,https://wilp.wheebox.com/WET-2/homeV2.obj,407,9.6
2018WP04592,WIPRO,WP04-2018,DSE,DSEWPZG524,29/Mar/2020:15:36:13,https://wilp.wheebox.com/WET-2/homeV2.obj,401,8.6
2018WP04593,WIPRO,WP04-2018,DSE,DSEWPZG523,29/Mar/2020:11:24:6,https://wilp.wheebox.com/LOGIN-2/wilp.jsp,405,7.7
2018WP04581,WIPRO,WP04-2018,DSE,DSEWPZG523,29/Mar/2020:11:24:20,https://wilp.wheebox.com/LOGIN-2/wilp.jsp,402,3.2
2018WP04582,WIPRO,WP04-2018,DSE,DSEWPZG522,22/Mar/2020:15:36:29,https://wilp.wheebox.com/LOGIN-2/wilp.jsp,404,4.2
2018GE09610,GE,GE09-2018,CSE,CSEGEZG502,04/Apr/2020:15:36:25,https://wilp.wheebox.com/LOGIN-2/wilp.jsp,403,9.6
2018GE09611,GE,GE09-2018,CSE,CSEGEZG501,04/Apr/2020:11:24:25,https://wilp.wheebox.com/LOGIN-2/wilp.jsp,406,7.3
2018GE09612,GE,GE09-2018,CSE,CSEGEZG503,11/Apr/2020:11:24:7,https://wilp.wheebox.com/LOGIN-2/wilp.jsp,407,13.9
2018GE09626,GE,GE09-2018,CSE,CSEGEZG502,04/Apr/2020:15:36:30,https://wilp.wheebox.com/LOGIN-2/wilp.jsp,407,2.1
2018GE09627,GE,GE09-2018,CSE,CSEGEZG503,11/Apr/2020:11:24:15,https://wilp.wheebox.com/LOGIN-2/wilp.jsp,401,13.8
2018GE09628,GE,GE09-2018,CSE,CSEGEZG501,04/Apr/2020:11:24:15,https://wilp.wheebox.com/LOGIN-2/wilp.jsp,402,5.1
2018GE09629,GE,GE09-2018,CSE,CSEGEZG502,04/Apr/2020:15:36:22,https://wheebox.com/static/tempFiles/upload_doc_04/Apr/2020:15:36:22,408,2.1
2018GE09630,GE,GE09-2018,CSE,CSEGEZG504,11/Apr/2020:15:36:56,https://wheebox.com/static/tempFiles/upload_doc_11/Apr/2020:15:36:56,407,6.6
2018GE09645,GE,GE09-2018,CSE,CSEGEZG504,11/Apr/2020:15:36:38,https://wheebox.com/static/tempFiles/upload_doc_11/Apr/2020:15:36:38,402,2.1
2018GE09646,GE,GE09-2018,CSE,CSEGEZG502,04/Apr/2020:15:36:2,https://wheebox.com/static/tempFiles/upload_doc_04/Apr/2020:15:36:2,404,7.5
2018GE09647,GE,GE09-2018,CSE,CSEGEZG503,11/Apr/2020:11:24:2,https://wheebox.com/static/tempFiles/upload_doc_11/Apr/2020:11:24:2,402,7.2
2018TM12302,TECH MAHINDRA,TM12-2018,DSE,DSETMZG522,22/Mar/2020:15:36:11,https://wheebox.com/static/tempFiles/upload_doc_22/Mar/2020:15:36:11,404,2.2
2018TM12303,TECH MAHINDRA,TM12-2018,DSE,DSETMZG524,29/Mar/2020:15:36:23,https://wilp.wheebox.com/LOGIN-2/wilp.jsp,402,7.4
2018TM12304,TECH MAHINDRA,TM12-2018,DSE,DSETMZG523,29/Mar/2020:11:24:44,https://wilp.wheebox.com/WET-2/homeV2.obj,401,7.6
2018TM12330,TECH MAHINDRA,TM12-2018,DSE,DSETMZG523,29/Mar/2020:11:24:57,https://wilp.wheebox.com/WET-2/homeV2.obj,404,9.7
2018TM12331,TECH MAHINDRA,TM12-2018,DSE,DSETMZG521,22/Mar/2020:11:24:44,https://wilp.wheebox.com/WET-2/homeV2.obj,409,5.2
2018TM12332,TECH MAHINDRA,TM12-2018,DSE,DSETMZG524,29/Mar/2020:15:36:16,https://wilp.wheebox.com/WET-2/homeV2.obj,404,2.1
2018TM12357,TECH MAHINDRA,TM12-2018,DSE,DSETMZG521,22/Mar/2020:11:24:9,https://wilp.wheebox.com/WAT-3/login,408,3.1
2018TM12358,TECH MAHINDRA,TM12-2018,DSE,DSETMZG521,22/Mar/2020:11:24:8,https://wilp.wheebox.com/WAT-3/login,406,1
2018TM12359,TECH MAHINDRA,TM12-2018,DSE,DSETMZG524,29/Mar/2020:15:36:24,https://wilp.wheebox.com/WAT-3/login,405,11.8
2018TM12360,TECH MAHINDRA,TM12-2018,DSE,DSETMZG523,29/Mar/2020:11:24:28,https://wilp.wheebox.com/WET-2/homeV2.obj,401,3.2
2019TM06213,TECH MAHINDRA,TM06-2019,CSE,CSETMZG503,11/Apr/2020:11:24:14,https://wilp.wheebox.com/WET-2/homeV2.obj,404,8.7
2019TM06214,TECH MAHINDRA,TM06-2019,CSE,CSETMZG501,04/Apr/2020:11:24:24,https://wilp.wheebox.com/WAT-3/login,406,9.8
2019TM06215,TECH MAHINDRA,TM06-2019,CSE,CSETMZG504,11/Apr/2020:15:36:45,https://wilp.wheebox.com/WET-2/homeV2.obj,402,7.3
2019TM06216,TECH MAHINDRA,TM06-2019,CSE,CSETMZG504,11/Apr/2020:15:36:35,https://wilp.wheebox.com/WET-2/homeV2.obj,403,6.1
2019TM06217,TECH MAHINDRA,TM06-2019,CSE,CSETMZG504,11/Apr/2020:15:36:34,https://wilp.wheebox.com/WET-2/homeV2.obj,406,5.2
2019TM06227,TECH MAHINDRA,TM06-2019,CSE,CSETMZG503,11/Apr/2020:11:24:25,https://wheebox.com/static/tempFiles/upload_doc_11/Apr/2020:11:24:25,404,13.9
2019TM06228,TECH MAHINDRA,TM06-2019,CSE,CSETMZG503,11/Apr/2020:11:24:49,https://wheebox.com/static/tempFiles/upload_doc_11/Apr/2020:11:24:49,402,1.1
2019TM06229,TECH MAHINDRA,TM06-2019,CSE,CSETMZG504,11/Apr/2020:15:36:18,https://wheebox.com/static/tempFiles/upload_doc_11/Apr/2020:15:36:18,408,7.5
2019TM06230,TECH MAHINDRA,TM06-2019,CSE,CSETMZG503,11/Apr/2020:11:24:59,https://wheebox.com/static/tempFiles/upload_doc_11/Apr/2020:11:24:59,405,2.2
2018AV04520,AVAYA,AV04-2018,DSE,DSEAVZG523,29/Mar/2020:11:24:34,https://wheebox.com/static/tempFiles/upload_doc_29/Mar/2020:11:24:34,402,2.1
2018AV04521,AVAYA,AV04-2018,DSE,DSEAVZG524,29/Mar/2020:15:36:17,https://wheebox.com/static/tempFiles/upload_doc_29/Mar/2020:15:36:17,404,12.8
2018AV04522,AVAYA,AV04-2018,DSE,DSEAVZG521,22/Mar/2020:11:24:5,https://wilp.wheebox.com/WET-2/homeV2.obj,405,1
2018AV04523,AVAYA,AV04-2018,DSE,DSEAVZG524,29/Mar/2020:15:36:37,https://wilp.wheebox.com/WET-2/homeV2.obj,404,5.2
2018AV04524,AVAYA,AV04-2018,DSE,DSEAVZG524,29/Mar/2020:15:36:46,https://wilp.wheebox.com/WAT-3/login,402,5
2018AV04525,AVAYA,AV04-2018,DSE,DSEAVZG522,22/Mar/2020:15:36:28,https://wilp.wheebox.com/LOGIN-2/wilp.jsp,407,6.1
2018WP04569,WIPRO,WP04-2018,DSE,DSEWPZG521,22/Mar/2020:11:24:16,https://wilp.wheebox.com/LOGIN-2/wilp.jsp,405,3.3
2018WP04570,WIPRO,WP04-2018,DSE,DSEWPZG521,22/Mar/2020:11:24:31,https://wilp.wheebox.com/WET-2/homeV2.obj,407,3.1
2018WP04571,WIPRO,WP04-2018,DSE,DSEWPZG523,29/Mar/2020:11:24:42,https://wilp.wheebox.com/LOGIN-2/wilp.jsp,403,9.8
2018WP04572,WIPRO,WP04-2018,DSE,DSEWPZG524,29/Mar/2020:15:36:6,https://wilp.wheebox.com/LOGIN-2/wilp.jsp,403,4.2
2018WP04573,WIPRO,WP04-2018,DSE,DSEWPZG521,22/Mar/2020:11:24:29,https://wilp.wheebox.com/WET-2/homeV2.obj,407,10.7
2018GE09628,GE,GE09-2018,CSE,CSEGEZG504,11/Apr/2020:15:36:1,https://wilp.wheebox.com/LOGIN-2/wilp.jsp,403,10.8
2018GE09629,GE,GE09-2018,CSE,CSEGEZG502,04/Apr/2020:15:36:8,https://wilp.wheebox.com/LOGIN-2/wilp.jsp,403,12.9
2018GE09630,GE,GE09-2018,CSE,CSEGEZG504,11/Apr/2020:15:36:35,https://wilp.wheebox.com/WET-2/homeV2.obj,402,11.6
2018GE09631,GE,GE09-2018,CSE,CSEGEZG504,11/Apr/2020:15:36:8,https://wheebox.com/static/tempFiles/upload_doc_11/Apr/2020:15:36:8,407,6.5
2018GE09632,GE,GE09-2018,CSE,CSEGEZG504,11/Apr/2020:15:36:50,https://wheebox.com/static/tempFiles/upload_doc_11/Apr/2020:15:36:50,404,7.4
2018GE09633,GE,GE09-2018,CSE,CSEGEZG503,11/Apr/2020:11:24:28,https://wheebox.com/static/tempFiles/upload_doc_11/Apr/2020:11:24:28,401,4.3
2018TM12329,TECH MAHINDRA,TM12-2018,DSE,DSETMZG524,29/Mar/2020:15:36:54,https://wheebox.com/static/tempFiles/upload_doc_29/Mar/2020:15:36:54,409,2.2
2018TM12330,TECH MAHINDRA,TM12-2018,DSE,DSETMZG522,22/Mar/2020:15:36:19,https://wheebox.com/static/tempFiles/upload_doc_22/Mar/2020:15:36:19,402,7.5
2018TM12331,TECH MAHINDRA,TM12-2018,DSE,DSETMZG522,22/Mar/2020:15:36:52,https://wilp.wheebox.com/WET-2/homeV2.obj,403,6.6
2018TM12332,TECH MAHINDRA,TM12-2018,DSE,DSETMZG521,22/Mar/2020:11:24:52,https://wilp.wheebox.com/WET-2/homeV2.obj,407,3.2
2018TM12333,TECH MAHINDRA,TM12-2018,DSE,DSETMZG524,29/Mar/2020:15:36:12,https://wilp.wheebox.com/WAT-3/login,403,1
2018TM12334,TECH MAHINDRA,TM12-2018,DSE,DSETMZG523,29/Mar/2020:11:24:23,https://wilp.wheebox.com/WET-2/homeV2.obj,402,2.1
2018TM12371,TECH MAHINDRA,TM12-2018,DSE,DSETMZG521,22/Mar/2020:11:24:27,https://wilp.wheebox.com/WET-2/homeV2.obj,403,11.9
2018TM12372,TECH MAHINDRA,TM12-2018,DSE,DSETMZG524,29/Mar/2020:15:36:2,https://wilp.wheebox.com/WET-2/homeV2.obj,404,7.6
2018TM12373,TECH MAHINDRA,TM12-2018,DSE,DSETMZG521,22/Mar/2020:11:24:44,https://wilp.wheebox.com/WET-2/homeV2.obj,402,10.8
2018TM12374,TECH MAHINDRA,TM12-2018,DSE,DSETMZG522,22/Mar/2020:15:36:48,https://wilp.wheebox.com/WET-2/homeV2.obj,401,8.7
2018TM12375,TECH MAHINDRA,TM12-2018,DSE,DSETMZG523,29/Mar/2020:11:24:48,https://wilp.wheebox.com/WET-2/homeV2.obj,404,5
2019TM06244,TECH MAHINDRA,TM06-2019,CSE,CSETMZG502,04/Apr/2020:15:36:32,https://wheebox.com/static/tempFiles/upload_doc_04/Apr/2020:15:36:32,409,9.8
2019TM06245,TECH MAHINDRA,TM06-2019,CSE,CSETMZG503,11/Apr/2020:11:24:30,https://wheebox.com/static/tempFiles/upload_doc_11/Apr/2020:11:24:30,402,11.6
2019TM06246,TECH MAHINDRA,TM06-2019,CSE,CSETMZG502,04/Apr/2020:15:36:11,https://wheebox.com/static/tempFiles/upload_doc_04/Apr/2020:15:36:11,405,1.1
2019TM06247,TECH MAHINDRA,TM06-2019,CSE,CSETMZG501,04/Apr/2020:11:24:27,https://wheebox.com/static/tempFiles/upload_doc_04/Apr/2020:11:24:27,402,5.3
2019TM06248,TECH MAHINDRA,TM06-2019,CSE,CSETMZG504,11/Apr/2020:15:36:24,https://wheebox.com/static/tempFiles/upload_doc_11/Apr/2020:15:36:24,407,11.9
2019TM06307,TECH MAHINDRA,TM06-2019,CSE,CSETMZG501,04/Apr/2020:11:24:13,https://wheebox.com/static/tempFiles/upload_doc_04/Apr/2020:11:24:13,409,5
2019TM06308,TECH MAHINDRA,TM06-2019,CSE,CSETMZG503,11/Apr/2020:11:24:59,https://wheebox.com/static/tempFiles/upload_doc_11/Apr/2020:11:24:59,402,10.8
2019TM06309,TECH MAHINDRA,TM06-2019,CSE,CSETMZG503,11/Apr/2020:11:24:21,https://wilp.wheebox.com/WET-2/homeV2.obj,408,3.2
2019TM06310,TECH MAHINDRA,TM06-2019,CSE,CSETMZG501,04/Apr/2020:11:24:27,https://wilp.wheebox.com/WET-2/homeV2.obj,406,6.5
2019TM06311,TECH MAHINDRA,TM06-2019,CSE,CSETMZG502,04/Apr/2020:15:36:14,https://wilp.wheebox.com/WAT-3/login,403,8.3
2019TM06312,TECH MAHINDRA,TM06-2019,CSE,CSETMZG503,11/Apr/2020:11:24:5,https://wilp.wheebox.com/WET-2/homeV2.obj,406,3.1
2019TM06313,TECH MAHINDRA,TM06-2019,CSE,CSETMZG502,04/Apr/2020:15:36:59,https://wilp.wheebox.com/WET-2/homeV2.obj,402,10.8
2018WP04512,WIPRO,WP04-2018,DSE,DSEWPZG521,22/Mar/2020:11:24:19,https://wilp.wheebox.com/WET-2/homeV2.obj,403,6.5
2018WP04513,WIPRO,WP04-2018,DSE,DSEWPZG521,22/Mar/2020:11:24:10,https://wilp.wheebox.com/WET-2/homeV2.obj,401,10.6
2018WP04514,WIPRO,WP04-2018,DSE,DSEWPZG522,22/Mar/2020:15:36:25,https://wilp.wheebox.com/WET-2/homeV2.obj,401,9.6
2018WP04515,WIPRO,WP04-2018,DSE,DSEWPZG524,29/Mar/2020:15:36:29,https://wilp.wheebox.com/WAT-3/login,406,10.9
2018WP04516,WIPRO,WP04-2018,DSE,DSEWPZG524,29/Mar/2020:15:36:8,https://wheebox.com/static/tempFiles/upload_doc_29/Mar/2020:15:36:8,404,4
2018WP04517,WIPRO,WP04-2018,DSE,DSEWPZG524,29/Mar/2020:15:36:11,https://wheebox.com/static/tempFiles/upload_doc_29/Mar/2020:15:36:11,405,6.6
